graph name, algorithm, score, time
LFR_N5000_ad5_mc50_mu0.5_i26, label propagation, 3.203349547001118e-16, 1.2444730539999997
LFR_N5000_ad5_mc50_mu0.5_i26, infomap, 0.9233598957597421, 0.7287470270000007
LFR_N5000_ad5_mc50_mu0.5_i26, louvain, 0.7718742537822549, 1.6252131920000004
LFR_N5000_ad5_mc50_mu0.5_i26, leiden, 0.6910785689766271, 0.806776482000001
LFR_N1000000_ad5_mc50_mu0.5_i9, label propagation, 0.9693388327271756, 1316.96190476
LFR_N1000000_ad5_mc50_mu0.5_i9, infomap, 0.9703335418604895, 387.49016622
LFR_N1000000_ad5_mc50_mu0.5_i9, louvain, 0.5652305886230322, 1574.608338257
LFR_N1000000_ad5_mc50_mu0.5_i9, leiden, 0.6764100627916452, 305.1456928040002
LFR_N100_ad5_mc50_mu0.5_i8, label propagation, 8.593328188740102e-17, 2.9050298359998123
LFR_N100_ad5_mc50_mu0.5_i8, infomap, 8.593328188740102e-17, 0.013147278999895207
LFR_N100_ad5_mc50_mu0.5_i8, louvain, 0.063141118208297, 0.022190986000168778
LFR_N100_ad5_mc50_mu0.5_i8, leiden, 0.05108417201289622, 0.013625500999751239
LFR_N50000_ad5_mc50_mu0.5_i12, label propagation, 0.9465583496975607, 34.8019459799998
LFR_N50000_ad5_mc50_mu0.5_i12, infomap, 0.9605553552552889, 11.754200804999982
LFR_N50000_ad5_mc50_mu0.5_i12, louvain, 0.724082409331318, 35.160843515000124
LFR_N50000_ad5_mc50_mu0.5_i12, leiden, 0.6747007639709108, 9.341568307000216
LFR_N50000_ad5_mc50_mu0.5_i4, label propagation, 0.9507153591814866, 34.69869968099965
LFR_N50000_ad5_mc50_mu0.5_i4, infomap, 0.9636996741834576, 11.392442875000143
LFR_N50000_ad5_mc50_mu0.5_i4, louvain, 0.7252390721067491, 41.56627822500013
LFR_N50000_ad5_mc50_mu0.5_i4, leiden, 0.687484268121002, 8.909373072000108
LFR_N50000_ad5_mc50_mu0.5_i13, label propagation, 0.949391454660657, 31.864059713999723
LFR_N50000_ad5_mc50_mu0.5_i13, infomap, 0.9604355826235301, 11.991391963000297
LFR_N50000_ad5_mc50_mu0.5_i13, louvain, 0.7263952385860907, 35.34608676300013
LFR_N50000_ad5_mc50_mu0.5_i13, leiden, 0.6845163928047158, 9.700955266000165
LFR_N1000_ad5_mc50_mu0.5_i14, label propagation, 0.0, 0.2891477739999573
LFR_N1000_ad5_mc50_mu0.5_i14, infomap, 0.0, 0.09626090900019335
LFR_N1000_ad5_mc50_mu0.5_i14, louvain, 0.6612129912416544, 0.2860838149999836
LFR_N1000_ad5_mc50_mu0.5_i14, leiden, 0.583123659408844, 0.14048719899983553
LFR_N1000000_ad5_mc50_mu0.5_i0, label propagation, 0.9699463912964044, 949.2051063760005
LFR_N1000000_ad5_mc50_mu0.5_i0, infomap, 0.9707068075620776, 457.31371393599966
LFR_N1000000_ad5_mc50_mu0.5_i0, louvain, 0.5678997299890769, 1353.7039139710005
LFR_N1000000_ad5_mc50_mu0.5_i0, leiden, 0.6787473191467821, 298.77173653999944
LFR_N5000_ad5_mc50_mu0.5, label propagation, 3.2242161474509713e-16, 4.634647655999288
LFR_N5000_ad5_mc50_mu0.5, infomap, 0.9136136246876078, 0.7007711430005656
LFR_N5000_ad5_mc50_mu0.5, louvain, 0.760677472289383, 2.3748692640001536
LFR_N5000_ad5_mc50_mu0.5, leiden, 0.6588349356609474, 0.8141341549999197
LFR_N50000_ad5_mc50_mu0.5_i9, label propagation, 0.9504998150236481, 40.739109240999824
LFR_N50000_ad5_mc50_mu0.5_i9, infomap, 0.961427915168632, 11.694841653000367
LFR_N50000_ad5_mc50_mu0.5_i9, louvain, 0.722158021741239, 38.7615039580005
LFR_N50000_ad5_mc50_mu0.5_i9, leiden, 0.6811517250491412, 9.546807634999823
LFR_N50000_ad5_mc50_mu0.5_i21, label propagation, 0.9489288441721636, 28.990416047000508
LFR_N50000_ad5_mc50_mu0.5_i21, infomap, 0.9616928707569221, 11.901204541999505
LFR_N50000_ad5_mc50_mu0.5_i21, louvain, 0.7222256459867322, 34.95784761300001
LFR_N50000_ad5_mc50_mu0.5_i21, leiden, 0.6817593713562935, 9.642182685999614
LFR_N1000000_ad5_mc50_mu0.5_i1, label propagation, 0.9695151638966156, 876.81073844
LFR_N1000000_ad5_mc50_mu0.5_i1, infomap, 0.9705316123887289, 459.28111569999965
LFR_N1000000_ad5_mc50_mu0.5_i1, louvain, 0.5669193293020538, 1334.0778433389987
LFR_N1000000_ad5_mc50_mu0.5_i1, leiden, 0.6794085156898296, 295.04444954800056
LFR_N1000_ad5_mc50_mu0.5_i15, label propagation, 0.0, 3.0032647239986545
LFR_N1000_ad5_mc50_mu0.5_i15, infomap, 0.0, 0.09771529099998588
LFR_N1000_ad5_mc50_mu0.5_i15, louvain, 0.6692678393826988, 0.6294187769999553
LFR_N1000_ad5_mc50_mu0.5_i15, leiden, 0.6208145759664466, 0.14597357899947383
LFR_N1000000_ad5_mc50_mu0.5_i11, label propagation, 0.9697369652276008, 863.5838969039996
LFR_N1000000_ad5_mc50_mu0.5_i11, infomap, 0.9707607771130363, 456.0065906100008
LFR_N1000000_ad5_mc50_mu0.5_i11, louvain, 0.5669373819862118, 1343.585573028
LFR_N1000000_ad5_mc50_mu0.5_i11, leiden, 0.6769874184891242, 306.12870733599993
LFR_N5000_ad5_mc50_mu0.5_i18, label propagation, 2.937301372190563e-16, 5.667004671000541
LFR_N5000_ad5_mc50_mu0.5_i18, infomap, 0.9226149244897979, 0.6969633110002178
LFR_N5000_ad5_mc50_mu0.5_i18, louvain, 0.7629916130845109, 1.8344732519999525
LFR_N5000_ad5_mc50_mu0.5_i18, leiden, 0.662297929319331, 0.7570944800008874
LFR_N10000_ad5_mc50_mu0.5_i19, label propagation, 0.8865370378986484, 4.936875897999926
LFR_N10000_ad5_mc50_mu0.5_i19, infomap, 0.9337903231753506, 1.5796007429999008
LFR_N10000_ad5_mc50_mu0.5_i19, louvain, 0.7523550805364118, 5.368263542999557
LFR_N10000_ad5_mc50_mu0.5_i19, leiden, 0.6828650038457293, 1.5718172449996928
LFR_N500000_ad5_mc50_mu0.5_i8, label propagation, 0.9672592674935953, 428.5582823479999
LFR_N500000_ad5_mc50_mu0.5_i8, infomap, 0.9692178376947801, 180.08407315399927
LFR_N500000_ad5_mc50_mu0.5_i8, louvain, 0.6054146980545209, 525.600151736
LFR_N500000_ad5_mc50_mu0.5_i8, leiden, 0.678909920911288, 131.14719442099886
LFR_N10000_ad5_mc50_mu0.5_i13, label propagation, 0.9021880923192345, 7.5763298780002515
LFR_N10000_ad5_mc50_mu0.5_i13, infomap, 0.9442819526395599, 1.5247431580010016
LFR_N10000_ad5_mc50_mu0.5_i13, louvain, 0.7677018910141535, 4.3178920919999655
LFR_N10000_ad5_mc50_mu0.5_i13, leiden, 0.6941594479866445, 1.5412350290007453
LFR_N500000_ad5_mc50_mu0.5_i0, label propagation, 0.9673641451199003, 455.78471075499874
LFR_N500000_ad5_mc50_mu0.5_i0, infomap, 0.9694630297690524, 155.26252025699978
LFR_N500000_ad5_mc50_mu0.5_i0, louvain, 0.608467338153334, 639.1966347679991
LFR_N500000_ad5_mc50_mu0.5_i0, leiden, 0.6779386149861211, 130.92036797400033
LFR_N100000_ad5_mc50_mu0.5_i29, label propagation, 0.9587506271650273, 82.37366904700139
LFR_N100000_ad5_mc50_mu0.5_i29, infomap, 0.9655500623046985, 25.97076601399931
LFR_N100000_ad5_mc50_mu0.5_i29, louvain, 0.7085901286229047, 92.7855987160001
LFR_N100000_ad5_mc50_mu0.5_i29, leiden, 0.684157451158244, 19.542710477999208
LFR_N5000_ad5_mc50_mu0.5_i11, label propagation, 2.9666065458672707e-16, 1.4201111960010167
LFR_N5000_ad5_mc50_mu0.5_i11, infomap, 0.9187237401741544, 0.7106363000002602
LFR_N5000_ad5_mc50_mu0.5_i11, louvain, 0.7533274045495666, 2.0018735289995675
LFR_N5000_ad5_mc50_mu0.5_i11, leiden, 0.6846739519370567, 0.7536666649994004
LFR_N100_ad5_mc50_mu0.5_i29, label propagation, 8.492114110360876e-16, 0.030175697000231594
LFR_N100_ad5_mc50_mu0.5_i29, infomap, 8.492114110360876e-16, 0.008283306999146589
LFR_N100_ad5_mc50_mu0.5_i29, louvain, 0.010234358375896346, 0.022540632999152876
LFR_N100_ad5_mc50_mu0.5_i29, leiden, 0.009450847115045784, 0.013150776998372748
LFR_N1000000_ad5_mc50_mu0.5_i27, label propagation, 0.9694940442967799, 857.841012025001
LFR_N1000000_ad5_mc50_mu0.5_i27, infomap, 0.9704266393976924, 453.6765301529995
LFR_N1000000_ad5_mc50_mu0.5_i27, louvain, 0.562933418413489, 1275.1265518699984
LFR_N1000000_ad5_mc50_mu0.5_i27, leiden, 0.6775241250100186, 308.1259966730031
LFR_N5000_ad5_mc50_mu0.5_i28, label propagation, 3.7247608717791076e-16, 4.467492986001162
LFR_N5000_ad5_mc50_mu0.5_i28, infomap, 0.9227000454725143, 0.6841908269998385
LFR_N5000_ad5_mc50_mu0.5_i28, louvain, 0.7708089023090124, 2.068599649002863
LFR_N5000_ad5_mc50_mu0.5_i28, leiden, 0.6657048690216321, 0.807003303001693
LFR_N1000000_ad5_mc50_mu0.5_i13, label propagation, 0.9695910502441902, 881.1263252400022
LFR_N1000000_ad5_mc50_mu0.5_i13, infomap, 0.9705323888396583, 449.31937119099894
LFR_N1000000_ad5_mc50_mu0.5_i13, louvain, 0.5677410007533125, 1633.6328206439975
LFR_N1000000_ad5_mc50_mu0.5_i13, leiden, 0.6809193502002169, 297.415661766001
LFR_N100000_ad5_mc50_mu0.5_i15, label propagation, 0.9588211979016196, 85.950812168001
LFR_N100000_ad5_mc50_mu0.5_i15, infomap, 0.9651088686245246, 26.0835529290016
LFR_N100000_ad5_mc50_mu0.5_i15, louvain, 0.7009598059215628, 72.75309469600325
LFR_N100000_ad5_mc50_mu0.5_i15, leiden, 0.6840470573088923, 19.59194661299989
LFR_N500_ad5_mc50_mu0.5_i3, label propagation, 0.0, 0.29816310300157056
LFR_N500_ad5_mc50_mu0.5_i3, infomap, 0.0, 0.03962116100228741
LFR_N500_ad5_mc50_mu0.5_i3, louvain, 0.4906696513716898, 0.18531428099959157
LFR_N500_ad5_mc50_mu0.5_i3, leiden, 0.4585275550431665, 0.07012780900186044
LFR_N1000000_ad5_mc50_mu0.5_i6, label propagation, 0.9696931797726722, 989.6791948309983
LFR_N1000000_ad5_mc50_mu0.5_i6, infomap, 0.9708443106374572, 464.843348937
LFR_N1000000_ad5_mc50_mu0.5_i6, louvain, 0.567020505765092, 1406.9489771080007
LFR_N1000000_ad5_mc50_mu0.5_i6, leiden, 0.678771252867053, 290.85960857300233
LFR_N1000_ad5_mc50_mu0.5_i24, label propagation, 0.0, 3.046838181999192
LFR_N1000_ad5_mc50_mu0.5_i24, infomap, 0.0, 0.09719884800142609
LFR_N1000_ad5_mc50_mu0.5_i24, louvain, 0.6665464847747306, 0.2799122360011097
LFR_N1000_ad5_mc50_mu0.5_i24, leiden, 0.5813222798183433, 0.1526187880008365
LFR_N1000_ad5_mc50_mu0.5_i23, label propagation, 0.0, 0.2684524819997023
LFR_N1000_ad5_mc50_mu0.5_i23, infomap, 0.0, 0.09442498300268198
LFR_N1000_ad5_mc50_mu0.5_i23, louvain, 0.6770698061613736, 0.3229730359998939
LFR_N1000_ad5_mc50_mu0.5_i23, leiden, 0.5932757278467258, 0.15688407200286747
LFR_N500000_ad5_mc50_mu0.5_i7, label propagation, 0.9666256071783123, 428.0695350669994
LFR_N500000_ad5_mc50_mu0.5_i7, infomap, 0.9691084022252895, 179.2602913390001
LFR_N500000_ad5_mc50_mu0.5_i7, louvain, 0.6076967821058668, 533.1761454059997
LFR_N500000_ad5_mc50_mu0.5_i7, leiden, 0.6795426405121618, 128.9389346709977
LFR_N1000_ad5_mc50_mu0.5_i12, label propagation, 0.0, 1.3550701819985989
LFR_N1000_ad5_mc50_mu0.5_i12, infomap, 0.0, 0.08763504400121747
LFR_N1000_ad5_mc50_mu0.5_i12, louvain, 0.6470600208752697, 0.31938760800039745
LFR_N1000_ad5_mc50_mu0.5_i12, leiden, 0.5781708956131237, 0.14494405200093752
LFR_N5000_ad5_mc50_mu0.5_i6, label propagation, 3.304986969580504e-16, 1.2523842970003898
LFR_N5000_ad5_mc50_mu0.5_i6, infomap, 0.9286701346895473, 0.7056962189999467
LFR_N5000_ad5_mc50_mu0.5_i6, louvain, 0.7662473051180286, 2.09333820500251
LFR_N5000_ad5_mc50_mu0.5_i6, leiden, 0.6805562732276104, 0.7795291929978703
LFR_N500000_ad5_mc50_mu0.5_i4, label propagation, 0.9675668505018478, 401.3403864489992
LFR_N500000_ad5_mc50_mu0.5_i4, infomap, 0.9696627437692357, 181.151580173002
LFR_N500000_ad5_mc50_mu0.5_i4, louvain, 0.6043823071738922, 627.1638135110006
LFR_N500000_ad5_mc50_mu0.5_i4, leiden, 0.6803199352239454, 130.416471206001
LFR_N1000_ad5_mc50_mu0.5, label propagation, 0.0, 1.3493640400010918
LFR_N1000_ad5_mc50_mu0.5, infomap, 0.0, 0.08908369799974025
LFR_N1000_ad5_mc50_mu0.5, louvain, 0.6826399294227955, 0.40322047999870847
LFR_N1000_ad5_mc50_mu0.5, leiden, 0.6170493497306035, 0.1739736380004615
LFR_N500_ad5_mc50_mu0.5_i18, label propagation, 0.0, 0.09838560100251925
LFR_N500_ad5_mc50_mu0.5_i18, infomap, 0.0, 0.04082682599982945
LFR_N500_ad5_mc50_mu0.5_i18, louvain, 0.5674854334695902, 0.12996246100010467
LFR_N500_ad5_mc50_mu0.5_i18, leiden, 0.4992360758726596, 0.06947689200023888
LFR_N500000_ad5_mc50_mu0.5_i15, label propagation, 0.9664682428592087, 458.55314533699857
LFR_N500000_ad5_mc50_mu0.5_i15, infomap, 0.9693061484216439, 167.40799049199995
LFR_N500000_ad5_mc50_mu0.5_i15, louvain, 0.6063267997855525, 591.0745602419993
LFR_N500000_ad5_mc50_mu0.5_i15, leiden, 0.6778246855167808, 127.29272679499991
LFR_N5000_ad5_mc50_mu0.5_i23, label propagation, 3.326672455760985e-16, 2.858110517998284
LFR_N5000_ad5_mc50_mu0.5_i23, infomap, 0.9231963747790403, 0.7044261279988859
LFR_N5000_ad5_mc50_mu0.5_i23, louvain, 0.7636147352495855, 2.224737696000375
LFR_N5000_ad5_mc50_mu0.5_i23, leiden, 0.6740098091087269, 0.8021574349986622
LFR_N100000_ad5_mc50_mu0.5_i22, label propagation, 0.9580055504485667, 82.17597526499958
LFR_N100000_ad5_mc50_mu0.5_i22, infomap, 0.9639689541945919, 25.927860194002278
LFR_N100000_ad5_mc50_mu0.5_i22, louvain, 0.7016522646171215, 78.66015599000093
LFR_N100000_ad5_mc50_mu0.5_i22, leiden, 0.6867025586785365, 20.956302323000273
LFR_N100000_ad5_mc50_mu0.5_i10, label propagation, 0.9575054050658873, 73.40485683500083
LFR_N100000_ad5_mc50_mu0.5_i10, infomap, 0.9643552653208619, 26.591042365998874
LFR_N100000_ad5_mc50_mu0.5_i10, louvain, 0.6999822712115247, 81.30245347700111
LFR_N100000_ad5_mc50_mu0.5_i10, leiden, 0.6827375749069438, 21.084430415998213
LFR_N50000_ad5_mc50_mu0.5_i15, label propagation, 0.9501746920956617, 34.9909222210008
LFR_N50000_ad5_mc50_mu0.5_i15, infomap, 0.9609103819439733, 11.185332654000376
LFR_N50000_ad5_mc50_mu0.5_i15, louvain, 0.7233600225608027, 34.90108752000015
LFR_N50000_ad5_mc50_mu0.5_i15, leiden, 0.6848046693720301, 9.659416156999214
LFR_N100_ad5_mc50_mu0.5_i15, label propagation, 3.4087044914381226e-16, 0.1138989799983392
LFR_N100_ad5_mc50_mu0.5_i15, infomap, 3.4087044914381226e-16, 0.008979744001408108
LFR_N100_ad5_mc50_mu0.5_i15, louvain, 0.19119341926674688, 0.026803589000337524
LFR_N100_ad5_mc50_mu0.5_i15, leiden, 0.09750437753222502, 0.01425105299858842
LFR_N100000_ad5_mc50_mu0.5_i4, label propagation, 0.9567741098340555, 96.27190478400007
LFR_N100000_ad5_mc50_mu0.5_i4, infomap, 0.9640305631206331, 25.291179108000506
LFR_N100000_ad5_mc50_mu0.5_i4, louvain, 0.6980728227534897, 86.86455652099903
LFR_N100000_ad5_mc50_mu0.5_i4, leiden, 0.6819736734059404, 21.23649236900019
LFR_N500000_ad5_mc50_mu0.5_i17, label propagation, 0.9680015356734464, 419.42573035500027
LFR_N500000_ad5_mc50_mu0.5_i17, infomap, 0.9699441350234528, 160.7558491460004
LFR_N500000_ad5_mc50_mu0.5_i17, louvain, 0.6094981336234523, 662.1123946660009
LFR_N500000_ad5_mc50_mu0.5_i17, leiden, 0.6797735226667971, 130.0407547600007
LFR_N1000_ad5_mc50_mu0.5_i10, label propagation, 0.0, 1.3868478260010306
LFR_N1000_ad5_mc50_mu0.5_i10, infomap, 0.0, 0.09089877299993532
LFR_N1000_ad5_mc50_mu0.5_i10, louvain, 0.6673401783050412, 0.378781469000387
LFR_N1000_ad5_mc50_mu0.5_i10, leiden, 0.5907514844463733, 0.15711422599997604
LFR_N500000_ad5_mc50_mu0.5_i27, label propagation, 0.9670484843000539, 417.24750061899977
LFR_N500000_ad5_mc50_mu0.5_i27, infomap, 0.9694881399264786, 157.7557033890007
LFR_N500000_ad5_mc50_mu0.5_i27, louvain, 0.6094855450545507, 617.1700370949984
LFR_N500000_ad5_mc50_mu0.5_i27, leiden, 0.6807824835559813, 129.61367183000402
LFR_N500000_ad5_mc50_mu0.5_i6, label propagation, 0.9672271204366889, 394.0751086809978
LFR_N500000_ad5_mc50_mu0.5_i6, infomap, 0.9693881896970381, 165.02937279999605
LFR_N500000_ad5_mc50_mu0.5_i6, louvain, 0.6064005095475197, 571.0090291260058
LFR_N500000_ad5_mc50_mu0.5_i6, leiden, 0.6788197721766, 129.94807614800084
LFR_N1000000_ad5_mc50_mu0.5_i10, label propagation, 0.9695495438038461, 966.0630496259982
LFR_N1000000_ad5_mc50_mu0.5_i10, infomap, 0.9707551027643526, 453.6935201230008
LFR_N1000000_ad5_mc50_mu0.5_i10, louvain, 0.5665318725571741, 1330.5513598269972
LFR_N1000000_ad5_mc50_mu0.5_i10, leiden, 0.6795437723693588, 306.6333067740052
LFR_N100000_ad5_mc50_mu0.5_i16, label propagation, 0.9598751005232381, 80.3540822549985
LFR_N100000_ad5_mc50_mu0.5_i16, infomap, 0.9664009711468854, 26.038146695995238
LFR_N100000_ad5_mc50_mu0.5_i16, louvain, 0.7051340173509022, 90.98155923499871
LFR_N100000_ad5_mc50_mu0.5_i16, leiden, 0.6882548509218985, 19.929619123999146
LFR_N10000_ad5_mc50_mu0.5_i2, label propagation, 0.8904415142752611, 7.1556336319990805
LFR_N10000_ad5_mc50_mu0.5_i2, infomap, 0.9435876751865684, 1.5824512270046398
LFR_N10000_ad5_mc50_mu0.5_i2, louvain, 0.7611737339721363, 4.969292236994079
LFR_N10000_ad5_mc50_mu0.5_i2, leiden, 0.6727695487340627, 1.588897353001812
LFR_N50000_ad5_mc50_mu0.5_i6, label propagation, 0.9495334445754544, 34.787088416996994
LFR_N50000_ad5_mc50_mu0.5_i6, infomap, 0.95985461932349, 11.362398066994501
LFR_N50000_ad5_mc50_mu0.5_i6, louvain, 0.7299330690580206, 35.15148734800459
LFR_N50000_ad5_mc50_mu0.5_i6, leiden, 0.6848218049476937, 9.538308613999106
LFR_N500000_ad5_mc50_mu0.5_i21, label propagation, 0.9669432502212233, 488.6548741430015
LFR_N500000_ad5_mc50_mu0.5_i21, infomap, 0.9690195624700294, 183.97695550000208
LFR_N500000_ad5_mc50_mu0.5_i21, louvain, 0.6044460895597709, 592.6739326829993
LFR_N500000_ad5_mc50_mu0.5_i21, leiden, 0.6804954540775874, 129.4157170940016
LFR_N500_ad5_mc50_mu0.5_i1, label propagation, 0.0, 1.2463894699976663
LFR_N500_ad5_mc50_mu0.5_i1, infomap, 0.0, 0.04098390999570256
LFR_N500_ad5_mc50_mu0.5_i1, louvain, 0.5273655608210697, 0.15740774100413546
LFR_N500_ad5_mc50_mu0.5_i1, leiden, 0.40872712618760887, 0.0726678019927931
LFR_N500_ad5_mc50_mu0.5_i4, label propagation, 0.0, 0.15165980899473652
LFR_N500_ad5_mc50_mu0.5_i4, infomap, 0.0, 0.04157620399928419
LFR_N500_ad5_mc50_mu0.5_i4, louvain, 0.6509235771480136, 0.16696664899791358
LFR_N500_ad5_mc50_mu0.5_i4, leiden, 0.5200311543571673, 0.07479035999858752
LFR_N500000_ad5_mc50_mu0.5_i28, label propagation, 0.9673239366698363, 442.266757530997
LFR_N500000_ad5_mc50_mu0.5_i28, infomap, 0.9694520767553941, 168.83469102799427
LFR_N500000_ad5_mc50_mu0.5_i28, louvain, 0.6037727038711981, 542.1288039800056
LFR_N500000_ad5_mc50_mu0.5_i28, leiden, 0.6795871626578077, 126.02432423400023
LFR_N5000_ad5_mc50_mu0.5_i5, label propagation, 3.312180960020225e-16, 2.814342804995249
LFR_N5000_ad5_mc50_mu0.5_i5, infomap, 0.9221741559760828, 0.6906731210037833
LFR_N5000_ad5_mc50_mu0.5_i5, louvain, 0.7589481812548854, 1.9667926830006763
LFR_N5000_ad5_mc50_mu0.5_i5, leiden, 0.6608698472152814, 0.7504533739993349
LFR_N50000_ad5_mc50_mu0.5_i7, label propagation, 0.9501785753945762, 31.485186056997918
LFR_N50000_ad5_mc50_mu0.5_i7, infomap, 0.9635233286752034, 11.043904277998081
LFR_N50000_ad5_mc50_mu0.5_i7, louvain, 0.7267252036430295, 41.62453782699595
LFR_N50000_ad5_mc50_mu0.5_i7, leiden, 0.6895891352863506, 10.577603868005099
LFR_N1000_ad5_mc50_mu0.5_i11, label propagation, 0.0, 0.39834685000096215
LFR_N1000_ad5_mc50_mu0.5_i11, infomap, 0.0, 0.09346234000258846
LFR_N1000_ad5_mc50_mu0.5_i11, louvain, 0.6859420631128801, 0.3029006910001044
LFR_N1000_ad5_mc50_mu0.5_i11, leiden, 0.5613743477843485, 0.15195491800113814
LFR_N5000_ad5_mc50_mu0.5_i8, label propagation, 3.1101393854886214e-16, 1.706771454999398
LFR_N5000_ad5_mc50_mu0.5_i8, infomap, 0.9199876319117468, 0.6829930940002669
LFR_N5000_ad5_mc50_mu0.5_i8, louvain, 0.7541251680032371, 2.0568676219991175
LFR_N5000_ad5_mc50_mu0.5_i8, leiden, 0.6636411406168268, 0.7545967379992362
LFR_N10000_ad5_mc50_mu0.5_i18, label propagation, 0.910471665355057, 5.979186222997669
LFR_N10000_ad5_mc50_mu0.5_i18, infomap, 0.9463655998303316, 1.5578163139944081
LFR_N10000_ad5_mc50_mu0.5_i18, louvain, 0.7711157713914648, 4.40413036600512
LFR_N10000_ad5_mc50_mu0.5_i18, leiden, 0.6877178563204288, 1.6132693640029174
LFR_N1000000_ad5_mc50_mu0.5_i29, label propagation, 0.969604896422635, 981.6498747939986
LFR_N1000000_ad5_mc50_mu0.5_i29, infomap, 0.9703140584595179, 446.7743266489997
LFR_N1000000_ad5_mc50_mu0.5_i29, louvain, 0.5680349778490894, 1265.2780652950023
LFR_N1000000_ad5_mc50_mu0.5_i29, leiden, 0.6796848481776185, 312.6706196570012
LFR_N10000_ad5_mc50_mu0.5_i5, label propagation, 0.8991167171241709, 8.3111118300003
LFR_N10000_ad5_mc50_mu0.5_i5, infomap, 0.940341355741267, 1.5883136299962644
LFR_N10000_ad5_mc50_mu0.5_i5, louvain, 0.763531433979783, 4.8063495099995635
LFR_N10000_ad5_mc50_mu0.5_i5, leiden, 0.6836452628453334, 1.6736636429995997
LFR_N5000_ad5_mc50_mu0.5_i4, label propagation, 3.235491297043705e-16, 1.8440975679986877
LFR_N5000_ad5_mc50_mu0.5_i4, infomap, 0.9226217962476215, 0.6907835730016814
LFR_N5000_ad5_mc50_mu0.5_i4, louvain, 0.7643069837601673, 2.1272133299935376
LFR_N5000_ad5_mc50_mu0.5_i4, leiden, 0.6623252661723923, 0.8128989629985881
LFR_N5000_ad5_mc50_mu0.5_i3, label propagation, 0.8643081302087143, 2.3694095329992706
LFR_N5000_ad5_mc50_mu0.5_i3, infomap, 0.9385012591844276, 0.6918560740014073
LFR_N5000_ad5_mc50_mu0.5_i3, louvain, 0.769869560915134, 2.768346297998505
LFR_N5000_ad5_mc50_mu0.5_i3, leiden, 0.68765097307342, 0.8039933000036399
LFR_N10000_ad5_mc50_mu0.5_i27, label propagation, 0.8928217173913379, 6.812044234997302
LFR_N10000_ad5_mc50_mu0.5_i27, infomap, 0.9409835931103496, 1.6170780360043864
LFR_N10000_ad5_mc50_mu0.5_i27, louvain, 0.7518343253752475, 5.02739179499622
LFR_N10000_ad5_mc50_mu0.5_i27, leiden, 0.6712640591634171, 1.655231445998652
LFR_N1000_ad5_mc50_mu0.5_i3, label propagation, 0.0, 0.25933224999607773
LFR_N1000_ad5_mc50_mu0.5_i3, infomap, 0.0, 0.09891263500321656
LFR_N1000_ad5_mc50_mu0.5_i3, louvain, 0.6688021091213041, 0.3346891399996821
LFR_N1000_ad5_mc50_mu0.5_i3, leiden, 0.6115279399953838, 0.14997860599396518
LFR_N50000_ad5_mc50_mu0.5_i16, label propagation, 0.950216849754598, 30.522712383004546
LFR_N50000_ad5_mc50_mu0.5_i16, infomap, 0.962373300933668, 11.571276319002209
LFR_N50000_ad5_mc50_mu0.5_i16, louvain, 0.7292364587047144, 32.135372231001384
LFR_N50000_ad5_mc50_mu0.5_i16, leiden, 0.686026537999525, 9.522331366002618
LFR_N10000_ad5_mc50_mu0.5_i8, label propagation, 0.908959027276964, 6.9032511210025405
LFR_N10000_ad5_mc50_mu0.5_i8, infomap, 0.9485083952484005, 1.6232178339996608
LFR_N10000_ad5_mc50_mu0.5_i8, louvain, 0.7622651815443876, 4.932913910000934
LFR_N10000_ad5_mc50_mu0.5_i8, leiden, 0.6950362704197164, 1.6753383390023373
LFR_N5000_ad5_mc50_mu0.5_i10, label propagation, 3.516645785933871e-16, 2.370043984003132
LFR_N5000_ad5_mc50_mu0.5_i10, infomap, 0.9125206405362004, 0.7215070099991863
LFR_N5000_ad5_mc50_mu0.5_i10, louvain, 0.7632338464578471, 1.9430757360023563
LFR_N5000_ad5_mc50_mu0.5_i10, leiden, 0.6522067951328403, 0.8227981210002326
LFR_N500_ad5_mc50_mu0.5_i8, label propagation, 0.0, 0.10660888900019927
LFR_N500_ad5_mc50_mu0.5_i8, infomap, 0.0, 0.04372494699782692
LFR_N500_ad5_mc50_mu0.5_i8, louvain, 0.5479422778527417, 0.2032754340034444
LFR_N500_ad5_mc50_mu0.5_i8, leiden, 0.5306925235627425, 0.07459688300150447
LFR_N500000_ad5_mc50_mu0.5_i25, label propagation, 0.9666783617179971, 414.290947458001
LFR_N500000_ad5_mc50_mu0.5_i25, infomap, 0.9691475906189648, 173.61594471800345
LFR_N500000_ad5_mc50_mu0.5_i25, louvain, 0.6037588740291825, 604.0908523270045
LFR_N500000_ad5_mc50_mu0.5_i25, leiden, 0.6790635865902882, 130.6278815580008
LFR_N100_ad5_mc50_mu0.5_i12, label propagation, 9.358196345708296e-16, 1.1839159470036975
LFR_N100_ad5_mc50_mu0.5_i12, infomap, 9.358196345708296e-16, 0.007345969002926722
LFR_N100_ad5_mc50_mu0.5_i12, louvain, 0.021671793324227643, 0.018235338997328654
LFR_N100_ad5_mc50_mu0.5_i12, leiden, 0.023465527002494685, 0.012631603000045288
LFR_N10000_ad5_mc50_mu0.5, label propagation, 3.2702869472910304e-16, 8.272187413997017
LFR_N10000_ad5_mc50_mu0.5, infomap, 0.938275483865321, 1.5943065079991356
LFR_N10000_ad5_mc50_mu0.5, louvain, 0.7524844297868615, 4.898730159002298
LFR_N10000_ad5_mc50_mu0.5, leiden, 0.6859106086913871, 1.6453767929997412
LFR_N10000_ad5_mc50_mu0.5_i28, label propagation, 0.8934290188586728, 5.775893467005517
LFR_N10000_ad5_mc50_mu0.5_i28, infomap, 0.9518796072365688, 1.592985392002447
LFR_N10000_ad5_mc50_mu0.5_i28, louvain, 0.7577305200492543, 4.9240069489969756
LFR_N10000_ad5_mc50_mu0.5_i28, leiden, 0.677627712236682, 1.736980424997455
LFR_N100_ad5_mc50_mu0.5_i20, label propagation, 0.0, 0.03925303099822486
LFR_N100_ad5_mc50_mu0.5_i20, infomap, 0.0, 0.008616416998847853
LFR_N100_ad5_mc50_mu0.5_i20, louvain, 0.0014475311235184554, 0.020736793005198706
LFR_N100_ad5_mc50_mu0.5_i20, leiden, 0.0005771336574618319, 0.014180443999066483
LFR_N500_ad5_mc50_mu0.5_i19, label propagation, 0.0, 0.12253288699866971
LFR_N500_ad5_mc50_mu0.5_i19, infomap, 0.0, 0.04039033799926983
LFR_N500_ad5_mc50_mu0.5_i19, louvain, 0.5941282456423496, 0.1399058979950496
LFR_N500_ad5_mc50_mu0.5_i19, leiden, 0.4648465262735906, 0.07119085199519759
LFR_N50000_ad5_mc50_mu0.5_i28, label propagation, 0.9507709439045486, 34.50723026700143
LFR_N50000_ad5_mc50_mu0.5_i28, infomap, 0.9628040698976208, 11.535515026997018
LFR_N50000_ad5_mc50_mu0.5_i28, louvain, 0.7259558224907985, 33.327279984994675
LFR_N50000_ad5_mc50_mu0.5_i28, leiden, 0.6849657795782151, 9.636938575997192
LFR_N50000_ad5_mc50_mu0.5_i0, label propagation, 0.9518248715477868, 34.47834559400508
LFR_N50000_ad5_mc50_mu0.5_i0, infomap, 0.9617300050158206, 11.68207004499709
LFR_N50000_ad5_mc50_mu0.5_i0, louvain, 0.7303562683216294, 34.60653609000292
LFR_N50000_ad5_mc50_mu0.5_i0, leiden, 0.682573812790532, 9.462448709004093
LFR_N50000_ad5_mc50_mu0.5_i25, label propagation, 0.948730245903261, 29.15674518999731
LFR_N50000_ad5_mc50_mu0.5_i25, infomap, 0.961887326973804, 11.531492016001721
LFR_N50000_ad5_mc50_mu0.5_i25, louvain, 0.7281482579576345, 34.29533373700542
LFR_N50000_ad5_mc50_mu0.5_i25, leiden, 0.6790762070349904, 9.593667757995718
LFR_N50000_ad5_mc50_mu0.5_i27, label propagation, 0.9511218952212418, 36.927881759998854
LFR_N50000_ad5_mc50_mu0.5_i27, infomap, 0.9618161803827172, 11.735131553999963
LFR_N50000_ad5_mc50_mu0.5_i27, louvain, 0.7269801379791041, 35.611959578993265
LFR_N50000_ad5_mc50_mu0.5_i27, leiden, 0.6839236735279351, 9.52864710099675
LFR_N1000_ad5_mc50_mu0.5_i17, label propagation, 0.0, 0.2838201080012368
LFR_N1000_ad5_mc50_mu0.5_i17, infomap, 0.0, 0.08890360900113592
LFR_N1000_ad5_mc50_mu0.5_i17, louvain, 0.6511360273926867, 0.379325419999077
LFR_N1000_ad5_mc50_mu0.5_i17, leiden, 0.5336389864515533, 0.14065456899697892
LFR_N500_ad5_mc50_mu0.5_i16, label propagation, 0.0, 0.09615155500068795
LFR_N500_ad5_mc50_mu0.5_i16, infomap, 0.0, 0.040827971999533474
LFR_N500_ad5_mc50_mu0.5_i16, louvain, 0.6033093597258948, 0.19432504900032654
LFR_N500_ad5_mc50_mu0.5_i16, leiden, 0.5264830414803826, 0.06961562899959972
LFR_N100000_ad5_mc50_mu0.5_i21, label propagation, 0.9577158358554145, 94.1483775509987
LFR_N100000_ad5_mc50_mu0.5_i21, infomap, 0.9651716969111105, 26.154673887998797
LFR_N100000_ad5_mc50_mu0.5_i21, louvain, 0.7084564498248493, 86.05393399800232
LFR_N100000_ad5_mc50_mu0.5_i21, leiden, 0.6865724865479571, 22.501441660002456
LFR_N500000_ad5_mc50_mu0.5_i24, label propagation, 0.9673637999138737, 474.61191760400106
LFR_N500000_ad5_mc50_mu0.5_i24, infomap, 0.9697535635647142, 160.528807030998
LFR_N500000_ad5_mc50_mu0.5_i24, louvain, 0.6092024827530085, 566.4095761059943
LFR_N500000_ad5_mc50_mu0.5_i24, leiden, 0.6794828499156792, 129.34009713400155
LFR_N1000_ad5_mc50_mu0.5_i9, label propagation, 0.0, 1.3764410209987545
LFR_N1000_ad5_mc50_mu0.5_i9, infomap, 0.0, 0.08799464299954707
LFR_N1000_ad5_mc50_mu0.5_i9, louvain, 0.6993132296870916, 0.33420577800279716
LFR_N1000_ad5_mc50_mu0.5_i9, leiden, 0.566884538803882, 0.15004998800577596
LFR_N10000_ad5_mc50_mu0.5_i24, label propagation, 0.8954663944272592, 6.1136819339953945
LFR_N10000_ad5_mc50_mu0.5_i24, infomap, 0.9487824235599446, 1.5600816820006003
LFR_N10000_ad5_mc50_mu0.5_i24, louvain, 0.7594425787782361, 5.421953320998
LFR_N10000_ad5_mc50_mu0.5_i24, leiden, 0.6748354619435815, 1.616350037002121
LFR_N10000_ad5_mc50_mu0.5_i3, label propagation, 0.8964513895393458, 5.901331063003454
LFR_N10000_ad5_mc50_mu0.5_i3, infomap, 0.944983252081413, 1.6291737059946172
LFR_N10000_ad5_mc50_mu0.5_i3, louvain, 0.7679245147607632, 5.527429714005848
LFR_N10000_ad5_mc50_mu0.5_i3, leiden, 0.6861066697323048, 1.6282737809960963
LFR_N1000_ad5_mc50_mu0.5_i20, label propagation, 0.0, 0.21288881699729245
LFR_N1000_ad5_mc50_mu0.5_i20, infomap, 0.0, 0.08768037000118056
LFR_N1000_ad5_mc50_mu0.5_i20, louvain, 0.6654422308788024, 0.28259736399922986
LFR_N1000_ad5_mc50_mu0.5_i20, leiden, 0.5116783211207874, 0.1530058479984291
LFR_N50000_ad5_mc50_mu0.5_i14, label propagation, 0.9508862063057291, 31.766357234999305
LFR_N50000_ad5_mc50_mu0.5_i14, infomap, 0.9623326055569595, 11.739493119996041
LFR_N50000_ad5_mc50_mu0.5_i14, louvain, 0.7236927768126168, 39.4556402369999
LFR_N50000_ad5_mc50_mu0.5_i14, leiden, 0.6874547419440236, 9.697188023004855
LFR_N100000_ad5_mc50_mu0.5_i7, label propagation, 0.9584576537854895, 66.6260555780027
LFR_N100000_ad5_mc50_mu0.5_i7, infomap, 0.9651850280522475, 25.49361907599814
LFR_N100000_ad5_mc50_mu0.5_i7, louvain, 0.7025408765334212, 85.17837785199663
LFR_N100000_ad5_mc50_mu0.5_i7, leiden, 0.6838513400816624, 21.461017102999904
LFR_N1000000_ad5_mc50_mu0.5_i26, label propagation, 0.9696595552492266, 981.4149660059993
LFR_N1000000_ad5_mc50_mu0.5_i26, infomap, 0.9704838167367256, 442.11180885499925
LFR_N1000000_ad5_mc50_mu0.5_i26, louvain, 0.5672124500453578, 1298.8333611340058
LFR_N1000000_ad5_mc50_mu0.5_i26, leiden, 0.6803521868899564, 313.42823700100416
LFR_N500_ad5_mc50_mu0.5, label propagation, 0.0, 3.0713194199997815
LFR_N500_ad5_mc50_mu0.5, infomap, 0.0, 0.052386534996912815
LFR_N500_ad5_mc50_mu0.5, louvain, 0.5824292827742723, 0.11456387799989898
LFR_N500_ad5_mc50_mu0.5, leiden, 0.4749033840501836, 0.07366349799849559
LFR_N5000_ad5_mc50_mu0.5_i14, label propagation, 2.8903991724858926e-16, 3.2709982550004497
LFR_N5000_ad5_mc50_mu0.5_i14, infomap, 0.9313054953092783, 0.7184886460017879
LFR_N5000_ad5_mc50_mu0.5_i14, louvain, 0.7546071312281167, 2.218037651000486
LFR_N5000_ad5_mc50_mu0.5_i14, leiden, 0.6746345081454903, 0.7728144710054039
LFR_N10000_ad5_mc50_mu0.5_i20, label propagation, 0.8785658396014406, 6.595417589000135
LFR_N10000_ad5_mc50_mu0.5_i20, infomap, 0.9442753394306946, 1.528934752997884
LFR_N10000_ad5_mc50_mu0.5_i20, louvain, 0.7593455690830542, 4.5642151680003735
LFR_N10000_ad5_mc50_mu0.5_i20, leiden, 0.6738884656248538, 1.6232697810046375
LFR_N1000_ad5_mc50_mu0.5_i16, label propagation, 0.0, 0.2608186930010561
LFR_N1000_ad5_mc50_mu0.5_i16, infomap, 0.0, 0.08768271699955221
LFR_N1000_ad5_mc50_mu0.5_i16, louvain, 0.6987060319490954, 0.28409272499993676
LFR_N1000_ad5_mc50_mu0.5_i16, leiden, 0.5740484183534068, 0.14192775300034555
LFR_N500000_ad5_mc50_mu0.5_i5, label propagation, 0.9666529215193801, 509.21626660699985
LFR_N500000_ad5_mc50_mu0.5_i5, infomap, 0.9697463590014932, 159.94701914400503
LFR_N500000_ad5_mc50_mu0.5_i5, louvain, 0.6028973060402409, 625.4997355810046
LFR_N500000_ad5_mc50_mu0.5_i5, leiden, 0.6800520584859759, 128.5768227840017
LFR_N100_ad5_mc50_mu0.5_i28, label propagation, 5.801810171063575e-16, 1.1973222590022488
LFR_N100_ad5_mc50_mu0.5_i28, infomap, 5.801810171063575e-16, 0.00791327899787575
LFR_N100_ad5_mc50_mu0.5_i28, louvain, 0.04754007179186695, 0.02484966500196606
LFR_N100_ad5_mc50_mu0.5_i28, leiden, 0.050888032633154015, 0.013167842000257224
LFR_N100000_ad5_mc50_mu0.5_i23, label propagation, 0.9584367236916764, 69.3320984489983
LFR_N100000_ad5_mc50_mu0.5_i23, infomap, 0.9659998853804979, 25.286102874997596
LFR_N100000_ad5_mc50_mu0.5_i23, louvain, 0.7046698258087222, 90.35137863300042
LFR_N100000_ad5_mc50_mu0.5_i23, leiden, 0.6816182106966284, 20.529485867002222
LFR_N500000_ad5_mc50_mu0.5_i13, label propagation, 0.9667449091010086, 457.9287472779979
LFR_N500000_ad5_mc50_mu0.5_i13, infomap, 0.9693054645032688, 179.98719859799894
LFR_N500000_ad5_mc50_mu0.5_i13, louvain, 0.6052098763551041, 567.5689558190061
LFR_N500000_ad5_mc50_mu0.5_i13, leiden, 0.6765868283128259, 130.0411774239983
LFR_N500000_ad5_mc50_mu0.5_i1, label propagation, 0.9669176803900211, 463.31367448100355
LFR_N500000_ad5_mc50_mu0.5_i1, infomap, 0.968936672561766, 161.12921895600448
LFR_N500000_ad5_mc50_mu0.5_i1, louvain, 0.6072168632764728, 641.639483580002
LFR_N500000_ad5_mc50_mu0.5_i1, leiden, 0.679550274594474, 128.26283176799916
LFR_N100_ad5_mc50_mu0.5_i3, label propagation, 6.151501398253113e-16, 1.2119167740020202
LFR_N100_ad5_mc50_mu0.5_i3, infomap, 6.151501398253113e-16, 0.0088690660049906
LFR_N100_ad5_mc50_mu0.5_i3, louvain, 0.07759694556905941, 0.018650788995728362
LFR_N100_ad5_mc50_mu0.5_i3, leiden, 0.12288745140252225, 0.01335099100106163
LFR_N1000_ad5_mc50_mu0.5_i19, label propagation, 0.0, 0.2405840339997667
LFR_N1000_ad5_mc50_mu0.5_i19, infomap, 0.0, 0.08933997600252042
LFR_N1000_ad5_mc50_mu0.5_i19, louvain, 0.638624329304124, 0.26864290999947116
LFR_N1000_ad5_mc50_mu0.5_i19, leiden, 0.5481469041276049, 0.1515434320026543
LFR_N500_ad5_mc50_mu0.5_i2, label propagation, 0.0, 0.07945844899950316
LFR_N500_ad5_mc50_mu0.5_i2, infomap, 0.0, 0.040959155005111825
LFR_N500_ad5_mc50_mu0.5_i2, louvain, 0.571492883664227, 0.16738162899855524
LFR_N500_ad5_mc50_mu0.5_i2, leiden, 0.4949388186232641, 0.07255714799975976
LFR_N5000_ad5_mc50_mu0.5_i1, label propagation, 3.3092377538611623e-16, 2.4559647899950505
LFR_N5000_ad5_mc50_mu0.5_i1, infomap, 0.9093193785492163, 0.6927495799973258
LFR_N5000_ad5_mc50_mu0.5_i1, louvain, 0.7494067646928976, 1.9625850789961987
LFR_N5000_ad5_mc50_mu0.5_i1, leiden, 0.6817645674715129, 0.7586848919963813
LFR_N100000_ad5_mc50_mu0.5_i9, label propagation, 0.9591233663276043, 74.65181949600083
LFR_N100000_ad5_mc50_mu0.5_i9, infomap, 0.9657093084695646, 25.156802530000277
LFR_N100000_ad5_mc50_mu0.5_i9, louvain, 0.7032389973535825, 88.2268515839969
LFR_N100000_ad5_mc50_mu0.5_i9, leiden, 0.6868915453784485, 21.796549307000532
LFR_N500000_ad5_mc50_mu0.5_i9, label propagation, 0.9665518600744281, 435.50179358400055
LFR_N500000_ad5_mc50_mu0.5_i9, infomap, 0.9692593618719958, 177.8132639280011
LFR_N500000_ad5_mc50_mu0.5_i9, louvain, 0.6035504723593458, 639.8049920220001
LFR_N500000_ad5_mc50_mu0.5_i9, leiden, 0.6787419163805012, 134.55722763200174
LFR_N1000000_ad5_mc50_mu0.5_i18, label propagation, 0.9699182029696335, 1030.797852069998
LFR_N1000000_ad5_mc50_mu0.5_i18, infomap, 0.9707889318651233, 509.2086685070026
LFR_N1000000_ad5_mc50_mu0.5_i18, louvain, 0.5663552634063008, 1567.2417552920015
LFR_N1000000_ad5_mc50_mu0.5_i18, leiden, 0.6790966417853103, 346.9833087969964
LFR_N100_ad5_mc50_mu0.5_i26, label propagation, 6.277560556848738e-16, 3.067424809996737
LFR_N100_ad5_mc50_mu0.5_i26, infomap, 6.277560556848738e-16, 0.00985199100250611
LFR_N100_ad5_mc50_mu0.5_i26, louvain, 0.009788275711816749, 0.019200590999389533
LFR_N100_ad5_mc50_mu0.5_i26, leiden, 0.019672556079689922, 0.014467132998106536
LFR_N500_ad5_mc50_mu0.5_i14, label propagation, 0.0, 0.08399433700105874
LFR_N500_ad5_mc50_mu0.5_i14, infomap, 0.0, 0.04489553599705687
LFR_N500_ad5_mc50_mu0.5_i14, louvain, 0.4657195566021796, 0.24140307900233893
LFR_N500_ad5_mc50_mu0.5_i14, leiden, 0.41041112005870933, 0.08222816399938893
LFR_N500000_ad5_mc50_mu0.5_i29, label propagation, 0.9671740277869719, 477.63431532600225
LFR_N500000_ad5_mc50_mu0.5_i29, infomap, 0.969190869942004, 192.00494617000368
LFR_N500000_ad5_mc50_mu0.5_i29, louvain, 0.6070017111717037, 671.950587416999
LFR_N500000_ad5_mc50_mu0.5_i29, leiden, 0.6788924335124931, 151.41134352000518
LFR_N1000_ad5_mc50_mu0.5_i27, label propagation, 0.0, 1.6414794079973944
LFR_N1000_ad5_mc50_mu0.5_i27, infomap, 0.0, 0.11520009899686556
LFR_N1000_ad5_mc50_mu0.5_i27, louvain, 0.6619807467935086, 0.39253687699965667
LFR_N1000_ad5_mc50_mu0.5_i27, leiden, 0.5699891209091432, 0.17017750900413375
LFR_N1000_ad5_mc50_mu0.5_i1, label propagation, 0.0, 0.2364534480002476
LFR_N1000_ad5_mc50_mu0.5_i1, infomap, 0.0, 0.10186829200392822
LFR_N1000_ad5_mc50_mu0.5_i1, louvain, 0.6912280731892518, 0.3862961010017898
LFR_N1000_ad5_mc50_mu0.5_i1, leiden, 0.5676181613571508, 0.174388405001082
LFR_N50000_ad5_mc50_mu0.5_i20, label propagation, 0.951034512264785, 43.410670559998835
LFR_N50000_ad5_mc50_mu0.5_i20, infomap, 0.9635106708183006, 13.552518962998874
LFR_N50000_ad5_mc50_mu0.5_i20, louvain, 0.7212212209963201, 43.56953741799953
LFR_N50000_ad5_mc50_mu0.5_i20, leiden, 0.6852338943133083, 10.245228246996703
LFR_N100_ad5_mc50_mu0.5_i10, label propagation, 1.134700944012308e-15, 0.12040837299718987
LFR_N100_ad5_mc50_mu0.5_i10, infomap, 1.134700944012308e-15, 0.009903095000481699
LFR_N100_ad5_mc50_mu0.5_i10, louvain, 0.09840131305377842, 0.03167132600356126
LFR_N100_ad5_mc50_mu0.5_i10, leiden, 0.17298367095503864, 0.01431524999497924
LFR_N10000_ad5_mc50_mu0.5_i14, label propagation, 0.8982454674525859, 6.7940810799991596
LFR_N10000_ad5_mc50_mu0.5_i14, infomap, 0.9468150226218824, 1.6998610340015148
LFR_N10000_ad5_mc50_mu0.5_i14, louvain, 0.7581954650463918, 5.6575380170033895
LFR_N10000_ad5_mc50_mu0.5_i14, leiden, 0.681119322665646, 1.714727596998273
LFR_N1000_ad5_mc50_mu0.5_i5, label propagation, 0.0, 0.26216643899533665
LFR_N1000_ad5_mc50_mu0.5_i5, infomap, 0.0, 0.1083009209978627
LFR_N1000_ad5_mc50_mu0.5_i5, louvain, 0.678586520174048, 0.6113945320030325
LFR_N1000_ad5_mc50_mu0.5_i5, leiden, 0.565793560360695, 0.20370476500102086
LFR_N100000_ad5_mc50_mu0.5_i26, label propagation, 0.9578656596291334, 92.50538102699647
LFR_N100000_ad5_mc50_mu0.5_i26, infomap, 0.9654421404392592, 30.105970390999573
LFR_N100000_ad5_mc50_mu0.5_i26, louvain, 0.7064065808932811, 106.36607936400105
LFR_N100000_ad5_mc50_mu0.5_i26, leiden, 0.6804385084552977, 26.695214323000982
LFR_N500_ad5_mc50_mu0.5_i0, label propagation, 0.0, 0.31990313500136836
LFR_N500_ad5_mc50_mu0.5_i0, infomap, 0.0, 0.04583859199919971
LFR_N500_ad5_mc50_mu0.5_i0, louvain, 0.5526403338951257, 0.20959028400102397
LFR_N500_ad5_mc50_mu0.5_i0, leiden, 0.5078187956324598, 0.08205615599581506
LFR_N500_ad5_mc50_mu0.5_i11, label propagation, 0.0, 0.09688498399918899
LFR_N500_ad5_mc50_mu0.5_i11, infomap, 0.0, 0.052105501999903936
LFR_N500_ad5_mc50_mu0.5_i11, louvain, 0.5261432642738211, 0.20647962499788264
LFR_N500_ad5_mc50_mu0.5_i11, leiden, 0.40511646397223794, 0.09000593700329773
LFR_N100000_ad5_mc50_mu0.5_i24, label propagation, 0.9577757914153318, 82.25898837499699
LFR_N100000_ad5_mc50_mu0.5_i24, infomap, 0.9650985563792258, 29.757463786998414
LFR_N100000_ad5_mc50_mu0.5_i24, louvain, 0.7012208962200326, 95.30789629899664
LFR_N100000_ad5_mc50_mu0.5_i24, leiden, 0.6821973877142891, 24.020461934000195
LFR_N50000_ad5_mc50_mu0.5_i17, label propagation, 0.9510929960031234, 51.70908741700259
LFR_N50000_ad5_mc50_mu0.5_i17, infomap, 0.9618180824343675, 13.788779470996815
LFR_N50000_ad5_mc50_mu0.5_i17, louvain, 0.7252178123401709, 42.84096137799497
LFR_N50000_ad5_mc50_mu0.5_i17, leiden, 0.6835460191564634, 11.162965757997881
LFR_N500_ad5_mc50_mu0.5_i25, label propagation, 0.0, 0.19014921699999832
LFR_N500_ad5_mc50_mu0.5_i25, infomap, 0.0, 0.04468925899709575
LFR_N500_ad5_mc50_mu0.5_i25, louvain, 0.5015535595950911, 0.19155278799735243
LFR_N500_ad5_mc50_mu0.5_i25, leiden, 0.4348090772158705, 0.08726893900166033
LFR_N500000_ad5_mc50_mu0.5_i22, label propagation, 0.9669788845454278, 509.0641206229993
LFR_N500000_ad5_mc50_mu0.5_i22, infomap, 0.9693342862228987, 186.84800635699503
LFR_N500000_ad5_mc50_mu0.5_i22, louvain, 0.6080308487835903, 664.5314214979953
LFR_N500000_ad5_mc50_mu0.5_i22, leiden, 0.678854880419556, 143.31767291000142
LFR_N100000_ad5_mc50_mu0.5_i17, label propagation, 0.957451932682496, 75.21851064100338
LFR_N100000_ad5_mc50_mu0.5_i17, infomap, 0.9643212989259804, 29.66776430000027
LFR_N100000_ad5_mc50_mu0.5_i17, louvain, 0.7010766247343908, 102.75392633899901
LFR_N100000_ad5_mc50_mu0.5_i17, leiden, 0.6808712330193939, 25.500353365998308
LFR_N50000_ad5_mc50_mu0.5_i3, label propagation, 0.9495851762933002, 37.43113749400072
LFR_N50000_ad5_mc50_mu0.5_i3, infomap, 0.9614646935061709, 12.226692226999148
LFR_N50000_ad5_mc50_mu0.5_i3, louvain, 0.7305490201619366, 43.5225779579996
LFR_N50000_ad5_mc50_mu0.5_i3, leiden, 0.6826005551138309, 11.185250448994339
LFR_N5000_ad5_mc50_mu0.5_i2, label propagation, 3.55195923947204e-16, 1.8342072789964732
LFR_N5000_ad5_mc50_mu0.5_i2, infomap, 0.918218668181591, 0.8413314319986966
LFR_N5000_ad5_mc50_mu0.5_i2, louvain, 0.7562392369910809, 2.746741602997645
LFR_N5000_ad5_mc50_mu0.5_i2, leiden, 0.6743302621555604, 1.09654336800304
LFR_N50000_ad5_mc50_mu0.5_i10, label propagation, 0.9515140668923091, 65.2305098700017
LFR_N50000_ad5_mc50_mu0.5_i10, infomap, 0.9623125559222394, 12.93937263800035
LFR_N50000_ad5_mc50_mu0.5_i10, louvain, 0.7254564230397074, 43.61936509899533
LFR_N50000_ad5_mc50_mu0.5_i10, leiden, 0.6846497222138709, 11.001626316996408
LFR_N100000_ad5_mc50_mu0.5_i14, label propagation, 0.958315156139133, 86.86346864100051
LFR_N100000_ad5_mc50_mu0.5_i14, infomap, 0.9653873471833067, 29.616955491001136
LFR_N100000_ad5_mc50_mu0.5_i14, louvain, 0.7050164350648123, 102.12270271799935
LFR_N100000_ad5_mc50_mu0.5_i14, leiden, 0.6840884687129197, 25.71842100500362
LFR_N1000_ad5_mc50_mu0.5_i28, label propagation, 0.0, 0.38330073800170794
LFR_N1000_ad5_mc50_mu0.5_i28, infomap, 0.0, 0.09368305500538554
LFR_N1000_ad5_mc50_mu0.5_i28, louvain, 0.6912139830645331, 0.3159466859942768
LFR_N1000_ad5_mc50_mu0.5_i28, leiden, 0.5758117605985892, 0.1626444480061764
LFR_N1000000_ad5_mc50_mu0.5_i25, label propagation, 0.9699715733721206, 1036.6626361680028
LFR_N1000000_ad5_mc50_mu0.5_i25, infomap, 0.9708644689505597, 569.5588573760033
LFR_N1000000_ad5_mc50_mu0.5_i25, louvain, 0.5658043530508604, 1718.642642286999
LFR_N1000000_ad5_mc50_mu0.5_i25, leiden, 0.677309580465998, 374.66568654
LFR_N1000000_ad5_mc50_mu0.5_i14, label propagation, 0.9695112873700706, 1046.5870982199995
LFR_N1000000_ad5_mc50_mu0.5_i14, infomap, 0.9706957970892001, 501.05194833601126
LFR_N1000000_ad5_mc50_mu0.5_i14, louvain, 0.565018883132091, 1361.9703828710044
LFR_N1000000_ad5_mc50_mu0.5_i14, leiden, 0.6784623965681003, 348.9409433030087
LFR_N100000_ad5_mc50_mu0.5_i3, label propagation, 0.9587700464924005, 103.55150761999539
LFR_N100000_ad5_mc50_mu0.5_i3, infomap, 0.9655458309072662, 29.867158025008393
LFR_N100000_ad5_mc50_mu0.5_i3, louvain, 0.7038222107522483, 86.2520125680021
LFR_N100000_ad5_mc50_mu0.5_i3, leiden, 0.6778848453482199, 22.10640728099679
LFR_N1000000_ad5_mc50_mu0.5_i19, label propagation, 0.9690981912864244, 1040.6031423350069
LFR_N1000000_ad5_mc50_mu0.5_i19, infomap, 0.9702640316710661, 542.7276036269905
LFR_N1000000_ad5_mc50_mu0.5_i19, louvain, 0.5679548362551098, 1473.9001231260045
LFR_N1000000_ad5_mc50_mu0.5_i19, leiden, 0.6774890785880952, 355.26466696900025
LFR_N500000_ad5_mc50_mu0.5_i23, label propagation, 0.9675804319772795, 429.5513029959984
LFR_N500000_ad5_mc50_mu0.5_i23, infomap, 0.9693687795900525, 193.5357839759963
LFR_N500000_ad5_mc50_mu0.5_i23, louvain, 0.6075109508670583, 671.3674792279926
LFR_N500000_ad5_mc50_mu0.5_i23, leiden, 0.6790385057417925, 146.5222531689942
LFR_N100_ad5_mc50_mu0.5_i17, label propagation, 4.885097610603481e-16, 1.4069474730058573
LFR_N100_ad5_mc50_mu0.5_i17, infomap, 4.885097610603481e-16, 0.010102300002472475
LFR_N100_ad5_mc50_mu0.5_i17, louvain, 0.1937672929732724, 0.022812594994320534
LFR_N100_ad5_mc50_mu0.5_i17, leiden, 0.15395023196694618, 0.016837839997606352
LFR_N100000_ad5_mc50_mu0.5_i25, label propagation, 0.957940271318265, 76.00375833100406
LFR_N100000_ad5_mc50_mu0.5_i25, infomap, 0.9643931034852788, 28.51852494099876
LFR_N100000_ad5_mc50_mu0.5_i25, louvain, 0.7047951324398306, 100.03448103299888
LFR_N100000_ad5_mc50_mu0.5_i25, leiden, 0.6829700338593752, 23.174593741001445
LFR_N1000000_ad5_mc50_mu0.5_i8, label propagation, 0.969194803225274, 952.8380027179956
LFR_N1000000_ad5_mc50_mu0.5_i8, infomap, 0.9703610141907967, 577.7675088140095
LFR_N1000000_ad5_mc50_mu0.5_i8, louvain, 0.5663411264732627, 1371.950164858994
LFR_N1000000_ad5_mc50_mu0.5_i8, leiden, 0.6793283583291448, 391.59350600800826
LFR_N500_ad5_mc50_mu0.5_i15, label propagation, 0.0, 3.1922235139936674
LFR_N500_ad5_mc50_mu0.5_i15, infomap, 0.0, 0.04333056099130772
LFR_N500_ad5_mc50_mu0.5_i15, louvain, 0.6761653576642225, 0.1715866729937261
LFR_N500_ad5_mc50_mu0.5_i15, leiden, 0.5213512034314819, 0.0705149679997703
LFR_N1000000_ad5_mc50_mu0.5_i16, label propagation, 0.9697062359530062, 1026.896475845002
LFR_N1000000_ad5_mc50_mu0.5_i16, infomap, 0.9706468972248179, 483.41890724998666
LFR_N1000000_ad5_mc50_mu0.5_i16, louvain, 0.5687294883072318, 1503.066247323004
LFR_N1000000_ad5_mc50_mu0.5_i16, leiden, 0.6767038072882492, 364.7471116000088
LFR_N1000_ad5_mc50_mu0.5_i4, label propagation, 0.0, 4.09035815099196
LFR_N1000_ad5_mc50_mu0.5_i4, infomap, 0.0, 0.09947738199844025
LFR_N1000_ad5_mc50_mu0.5_i4, louvain, 0.687101819630546, 0.3111839760094881
LFR_N1000_ad5_mc50_mu0.5_i4, leiden, 0.5545467847951415, 0.1583488480100641
LFR_N5000_ad5_mc50_mu0.5_i25, label propagation, 3.268677090742068e-16, 3.799196034000488
LFR_N5000_ad5_mc50_mu0.5_i25, infomap, 0.9124711994784747, 0.7161645250016591
LFR_N5000_ad5_mc50_mu0.5_i25, louvain, 0.7423610987653976, 1.960293273004936
LFR_N5000_ad5_mc50_mu0.5_i25, leiden, 0.6554076228528567, 0.8074483969976427
LFR_N1000000_ad5_mc50_mu0.5_i7, label propagation, 0.9696217381560611, 1013.9940565089928
LFR_N1000000_ad5_mc50_mu0.5_i7, infomap, 0.970600154985447, 522.786263639995
LFR_N1000000_ad5_mc50_mu0.5_i7, louvain, 0.5684720327696534, 1352.1713786939945
LFR_N1000000_ad5_mc50_mu0.5_i7, leiden, 0.6807074370141928, 321.5419801340031
LFR_N5000_ad5_mc50_mu0.5_i16, label propagation, 3.121191267670659e-16, 4.230232771995361
LFR_N5000_ad5_mc50_mu0.5_i16, infomap, 0.9092797840197637, 0.693903699007933
LFR_N5000_ad5_mc50_mu0.5_i16, louvain, 0.7558202979335791, 2.066793982987292
LFR_N5000_ad5_mc50_mu0.5_i16, leiden, 0.6646210648813565, 0.7792995430063456
LFR_N100000_ad5_mc50_mu0.5_i1, label propagation, 0.956618402798673, 75.26978049999161
LFR_N100000_ad5_mc50_mu0.5_i1, infomap, 0.9651548959976745, 26.089105701990775
LFR_N100000_ad5_mc50_mu0.5_i1, louvain, 0.7120868751336822, 80.87125236999418
LFR_N100000_ad5_mc50_mu0.5_i1, leiden, 0.683720912142116, 19.867635586997494
LFR_N10000_ad5_mc50_mu0.5_i16, label propagation, 0.8993238602295535, 7.771981729994877
LFR_N10000_ad5_mc50_mu0.5_i16, infomap, 0.9445512346166942, 1.5711982900102157
LFR_N10000_ad5_mc50_mu0.5_i16, louvain, 0.762620433403192, 4.9657784390001325
LFR_N10000_ad5_mc50_mu0.5_i16, leiden, 0.6751456789257607, 1.6348530030081747
LFR_N500_ad5_mc50_mu0.5_i6, label propagation, 0.0, 0.11919177800882608
LFR_N500_ad5_mc50_mu0.5_i6, infomap, 0.0, 0.04093274900515098
LFR_N500_ad5_mc50_mu0.5_i6, louvain, 0.6057913508931776, 0.1898503809934482
LFR_N500_ad5_mc50_mu0.5_i6, leiden, 0.4660480352894153, 0.07557364700187463
LFR_N500000_ad5_mc50_mu0.5_i14, label propagation, 0.9671535408063726, 467.4492878739984
LFR_N500000_ad5_mc50_mu0.5_i14, infomap, 0.969578169435399, 176.87000081100268
LFR_N500000_ad5_mc50_mu0.5_i14, louvain, 0.6036499325564622, 553.2895574580034
LFR_N500000_ad5_mc50_mu0.5_i14, leiden, 0.6809005151184893, 134.04433623499062
LFR_N1000000_ad5_mc50_mu0.5_i28, label propagation, 0.9692933484599141, 1054.5564192129968
LFR_N1000000_ad5_mc50_mu0.5_i28, infomap, 0.9704488594691745, 547.1595911559998
LFR_N1000000_ad5_mc50_mu0.5_i28, louvain, 0.5658102923684427, 1371.888324353
LFR_N1000000_ad5_mc50_mu0.5_i28, leiden, 0.6805533126537184, 375.75126990700664
LFR_N100_ad5_mc50_mu0.5_i16, label propagation, 1.0890232020334398e-15, 3.5090393730060896
LFR_N100_ad5_mc50_mu0.5_i16, infomap, 1.0890232020334398e-15, 0.017274564001127146
LFR_N100_ad5_mc50_mu0.5_i16, louvain, 0.15478919880832936, 0.05527692199393641
LFR_N100_ad5_mc50_mu0.5_i16, leiden, 0.16675985311832614, 0.016991395998047665
LFR_N10000_ad5_mc50_mu0.5_i29, label propagation, 0.894947970597277, 6.011824146989966
LFR_N10000_ad5_mc50_mu0.5_i29, infomap, 0.9376050081684375, 1.8442777439922793
LFR_N10000_ad5_mc50_mu0.5_i29, louvain, 0.7478516749155976, 5.21292439600802
LFR_N10000_ad5_mc50_mu0.5_i29, leiden, 0.6636381294520375, 1.9359682249923935
LFR_N500_ad5_mc50_mu0.5_i5, label propagation, 0.0, 0.13262289900740143
LFR_N500_ad5_mc50_mu0.5_i5, infomap, 0.0, 0.04661416601447854
LFR_N500_ad5_mc50_mu0.5_i5, louvain, 0.4931976152089927, 0.20565755800635088
LFR_N500_ad5_mc50_mu0.5_i5, leiden, 0.49276715482237343, 0.08359659100824501
LFR_N100_ad5_mc50_mu0.5_i1, label propagation, 6.666951771162552e-16, 0.018185262000770308
LFR_N100_ad5_mc50_mu0.5_i1, infomap, 6.666951771162552e-16, 0.011042188998544589
LFR_N100_ad5_mc50_mu0.5_i1, louvain, 0.05115355888284347, 0.027294694999000058
LFR_N100_ad5_mc50_mu0.5_i1, leiden, 0.036484652155639535, 0.017856207996373996
LFR_N500_ad5_mc50_mu0.5_i20, label propagation, 0.0, 0.12342298199655488
LFR_N500_ad5_mc50_mu0.5_i20, infomap, 0.0, 0.058215249999193475
LFR_N500_ad5_mc50_mu0.5_i20, louvain, 0.6644808252884626, 0.2337382969999453
LFR_N500_ad5_mc50_mu0.5_i20, leiden, 0.5754427843853651, 0.0843165760015836
LFR_N50000_ad5_mc50_mu0.5_i22, label propagation, 0.9499803063134507, 41.008259669004474
LFR_N50000_ad5_mc50_mu0.5_i22, infomap, 0.9626435942221634, 14.648869106007623
LFR_N50000_ad5_mc50_mu0.5_i22, louvain, 0.7251268924116482, 46.088050963997375
LFR_N50000_ad5_mc50_mu0.5_i22, leiden, 0.6804187014354004, 12.37319068000943
LFR_N500_ad5_mc50_mu0.5_i29, label propagation, 0.0, 0.2317793379916111
LFR_N500_ad5_mc50_mu0.5_i29, infomap, 0.0, 0.04957800099509768
LFR_N500_ad5_mc50_mu0.5_i29, louvain, 0.6648334022900474, 0.31462352399830706
LFR_N500_ad5_mc50_mu0.5_i29, leiden, 0.4593548246160791, 0.08417487901169807
LFR_N50000_ad5_mc50_mu0.5_i8, label propagation, 0.9510177316445664, 44.296996871999
LFR_N50000_ad5_mc50_mu0.5_i8, infomap, 0.9626416376942907, 15.62330093300261
LFR_N50000_ad5_mc50_mu0.5_i8, louvain, 0.7259166634132885, 53.87609027000144
LFR_N50000_ad5_mc50_mu0.5_i8, leiden, 0.6875029682861841, 12.493167801003437
LFR_N500_ad5_mc50_mu0.5_i7, label propagation, 0.0, 0.20218411499809008
LFR_N500_ad5_mc50_mu0.5_i7, infomap, 0.0, 0.05210136200184934
LFR_N500_ad5_mc50_mu0.5_i7, louvain, 0.5219714304790793, 0.2563515749934595
LFR_N500_ad5_mc50_mu0.5_i7, leiden, 0.3889874909432498, 0.0941027620137902
LFR_N100000_ad5_mc50_mu0.5_i28, label propagation, 0.9598980708159195, 93.6435860539932
LFR_N100000_ad5_mc50_mu0.5_i28, infomap, 0.9649940130241912, 31.025383145999513
LFR_N100000_ad5_mc50_mu0.5_i28, louvain, 0.7000893591712611, 118.09140019799815
LFR_N100000_ad5_mc50_mu0.5_i28, leiden, 0.6822912440517442, 29.22391563700512
LFR_N5000_ad5_mc50_mu0.5_i15, label propagation, 3.307835049063038e-16, 4.574909253002261
LFR_N5000_ad5_mc50_mu0.5_i15, infomap, 0.9281102332518687, 0.8889814860012848
LFR_N5000_ad5_mc50_mu0.5_i15, louvain, 0.7707926804648156, 2.915382942999713
LFR_N5000_ad5_mc50_mu0.5_i15, leiden, 0.6659282072431681, 1.1296375629899558
LFR_N500000_ad5_mc50_mu0.5_i16, label propagation, 0.9672421665972403, 688.686998115998
LFR_N500000_ad5_mc50_mu0.5_i16, infomap, 0.9697518307560741, 223.6274933520035
LFR_N500000_ad5_mc50_mu0.5_i16, louvain, 0.6054611168687217, 788.5527458230063
LFR_N500000_ad5_mc50_mu0.5_i16, leiden, 0.6806758274558594, 183.9886932100053
LFR_N100_ad5_mc50_mu0.5_i19, label propagation, 6.506799735522489e-16, 1.8454942270036554
LFR_N100_ad5_mc50_mu0.5_i19, infomap, 6.506799735522489e-16, 0.011207950999960303
LFR_N100_ad5_mc50_mu0.5_i19, louvain, 0.2749541198035398, 0.020994609003537335
LFR_N100_ad5_mc50_mu0.5_i19, leiden, 0.11649878356744243, 0.020117263004067354
LFR_N100_ad5_mc50_mu0.5_i11, label propagation, 4.896361580457795e-16, 0.0158947449963307
LFR_N100_ad5_mc50_mu0.5_i11, infomap, 4.896361580457795e-16, 0.008849896999890916
LFR_N100_ad5_mc50_mu0.5_i11, louvain, 0.23329090006678205, 0.025441835998208262
LFR_N100_ad5_mc50_mu0.5_i11, leiden, 0.2207841264471566, 0.017189703998155892
LFR_N500_ad5_mc50_mu0.5_i24, label propagation, 0.0, 0.09215485800814349
LFR_N500_ad5_mc50_mu0.5_i24, infomap, 0.0, 0.05126271401240956
LFR_N500_ad5_mc50_mu0.5_i24, louvain, 0.5705081558301739, 0.22826616700331215
LFR_N500_ad5_mc50_mu0.5_i24, leiden, 0.5009380697622786, 0.09509523700398859
LFR_N5000_ad5_mc50_mu0.5_i17, label propagation, 3.1496918996885263e-16, 3.520946527001797
LFR_N5000_ad5_mc50_mu0.5_i17, infomap, 0.9215174873307049, 0.8349778999981936
LFR_N5000_ad5_mc50_mu0.5_i17, louvain, 0.7775420679796622, 3.3045278140052687
LFR_N5000_ad5_mc50_mu0.5_i17, leiden, 0.6807798188579199, 0.9899425309995422
LFR_N500000_ad5_mc50_mu0.5_i10, label propagation, 0.9676489871967769, 640.9809103699954
LFR_N500000_ad5_mc50_mu0.5_i10, infomap, 0.9696134092749595, 192.77990573299758
LFR_N500000_ad5_mc50_mu0.5_i10, louvain, 0.6084115238195206, 729.1216010189964
LFR_N500000_ad5_mc50_mu0.5_i10, leiden, 0.6778530154625795, 159.03153369799838
LFR_N5000_ad5_mc50_mu0.5_i19, label propagation, 2.5441705893327427e-16, 4.0089443960023345
LFR_N5000_ad5_mc50_mu0.5_i19, infomap, 0.9184578491591546, 0.7967432799923699
LFR_N5000_ad5_mc50_mu0.5_i19, louvain, 0.7635501810765851, 2.2938735600037035
LFR_N5000_ad5_mc50_mu0.5_i19, leiden, 0.6613361691838482, 0.9299348939966876
LFR_N1000000_ad5_mc50_mu0.5_i3, label propagation, 0.969953985069399, 1168.492279293001
LFR_N1000000_ad5_mc50_mu0.5_i3, infomap, 0.970746157860702, 551.2894203879987
LFR_N1000000_ad5_mc50_mu0.5_i3, louvain, 0.5632068693244738, 1455.3876482070045
LFR_N1000000_ad5_mc50_mu0.5_i3, leiden, 0.6804305622302985, 411.8507984760072
LFR_N50000_ad5_mc50_mu0.5_i29, label propagation, 0.9539996978437649, 55.249501265003346
LFR_N50000_ad5_mc50_mu0.5_i29, infomap, 0.9633146837770378, 13.032460739006638
LFR_N50000_ad5_mc50_mu0.5_i29, louvain, 0.7255340236316271, 49.11638370799483
LFR_N50000_ad5_mc50_mu0.5_i29, leiden, 0.6850320741426746, 10.42098316999909
LFR_N100_ad5_mc50_mu0.5_i2, label propagation, 4.226209383058553e-16, 0.12062136399617884
LFR_N100_ad5_mc50_mu0.5_i2, infomap, 4.226209383058553e-16, 0.008598870001151226
LFR_N100_ad5_mc50_mu0.5_i2, louvain, 0.0073668622545262, 0.025395906006451696
LFR_N100_ad5_mc50_mu0.5_i2, leiden, 0.03354941832280194, 0.01630204700632021
LFR_N100000_ad5_mc50_mu0.5_i2, label propagation, 0.9578232073692524, 90.83447432400135
LFR_N100000_ad5_mc50_mu0.5_i2, infomap, 0.9659532263193401, 31.44139660599467
LFR_N100000_ad5_mc50_mu0.5_i2, louvain, 0.7040373423379495, 109.01206544099841
LFR_N100000_ad5_mc50_mu0.5_i2, leiden, 0.6860185563835631, 25.511281662998954
LFR_N5000_ad5_mc50_mu0.5_i12, label propagation, 2.942547260358317e-16, 2.3057109549990855
LFR_N5000_ad5_mc50_mu0.5_i12, infomap, 0.9261538451491579, 0.8715007809951203
LFR_N5000_ad5_mc50_mu0.5_i12, louvain, 0.7708065322924668, 2.7087230069882935
LFR_N5000_ad5_mc50_mu0.5_i12, leiden, 0.6820948226516138, 1.0499908519996097
LFR_N500000_ad5_mc50_mu0.5_i12, label propagation, 0.9672608951539245, 547.4551787340024
LFR_N500000_ad5_mc50_mu0.5_i12, infomap, 0.9695634646189416, 223.96948991400131
LFR_N500000_ad5_mc50_mu0.5_i12, louvain, 0.6105300754284405, 784.2099966230016
LFR_N500000_ad5_mc50_mu0.5_i12, leiden, 0.6787314668706046, 156.8924448809994
LFR_N1000_ad5_mc50_mu0.5_i29, label propagation, 0.0, 1.7124259639967931
LFR_N1000_ad5_mc50_mu0.5_i29, infomap, 0.0, 0.11414951500773896
LFR_N1000_ad5_mc50_mu0.5_i29, louvain, 0.7067621921139507, 0.45453468400228303
LFR_N1000_ad5_mc50_mu0.5_i29, leiden, 0.5865079444004656, 0.17249718199309427
LFR_N1000000_ad5_mc50_mu0.5_i23, label propagation, 0.9696244662278733, 1123.4672105359932
LFR_N1000000_ad5_mc50_mu0.5_i23, infomap, 0.9704774582076412, 554.0149251140101
LFR_N1000000_ad5_mc50_mu0.5_i23, louvain, 0.5650785552130922, 1342.7348375579895
LFR_N1000000_ad5_mc50_mu0.5_i23, leiden, 0.6797339743431675, 324.806553344999
LFR_N500_ad5_mc50_mu0.5_i26, label propagation, 0.0, 2.937358189999941
LFR_N500_ad5_mc50_mu0.5_i26, infomap, 0.0, 0.053392656991491094
LFR_N500_ad5_mc50_mu0.5_i26, louvain, 0.5240045437518841, 0.1493319809960667
LFR_N500_ad5_mc50_mu0.5_i26, leiden, 0.5046895554123063, 0.0740414750034688
LFR_N50000_ad5_mc50_mu0.5, label propagation, 0.9515502911136164, 36.957551404993865
LFR_N50000_ad5_mc50_mu0.5, infomap, 0.9626616349131927, 11.333692838990828
LFR_N50000_ad5_mc50_mu0.5, louvain, 0.7274922810483583, 32.61843022800167
LFR_N50000_ad5_mc50_mu0.5, leiden, 0.6868812713547795, 9.717851774010342
LFR_N100_ad5_mc50_mu0.5_i24, label propagation, 5.157151314403206e-16, 0.11242618100368418
LFR_N100_ad5_mc50_mu0.5_i24, infomap, 5.157151314403206e-16, 0.008903327005100437
LFR_N100_ad5_mc50_mu0.5_i24, louvain, 0.17721055948494652, 0.029319417008082382
LFR_N100_ad5_mc50_mu0.5_i24, leiden, 0.06298493165671039, 0.015372479989309795
LFR_N10000_ad5_mc50_mu0.5_i12, label propagation, 2.9391356867010035e-16, 5.344843270009733
LFR_N10000_ad5_mc50_mu0.5_i12, infomap, 0.9425184617905894, 1.5230899500020314
LFR_N10000_ad5_mc50_mu0.5_i12, louvain, 0.757419999201608, 4.817711346011492
LFR_N10000_ad5_mc50_mu0.5_i12, leiden, 0.6721119649943654, 1.5639150460046949
LFR_N1000000_ad5_mc50_mu0.5_i17, label propagation, 0.9695308654087209, 840.2408031910018
LFR_N1000000_ad5_mc50_mu0.5_i17, infomap, 0.9703334027302056, 461.31957477999094
LFR_N1000000_ad5_mc50_mu0.5_i17, louvain, 0.5648044566401584, 1312.6127938199934
LFR_N1000000_ad5_mc50_mu0.5_i17, leiden, 0.677635857304572, 320.76480999701016
LFR_N10000_ad5_mc50_mu0.5_i9, label propagation, 3.228835953533595e-16, 8.040901807995397
LFR_N10000_ad5_mc50_mu0.5_i9, infomap, 0.9392734746526217, 1.542291846999433
LFR_N10000_ad5_mc50_mu0.5_i9, louvain, 0.7640544530943623, 4.4189315650000935
LFR_N10000_ad5_mc50_mu0.5_i9, leiden, 0.6766548568478287, 1.6686372940021101
LFR_N100000_ad5_mc50_mu0.5_i20, label propagation, 0.958253387962174, 72.673919562003
LFR_N100000_ad5_mc50_mu0.5_i20, infomap, 0.9653997565767474, 26.185653911001282
LFR_N100000_ad5_mc50_mu0.5_i20, louvain, 0.7079295254077146, 79.80679009699088
LFR_N100000_ad5_mc50_mu0.5_i20, leiden, 0.6857672459046082, 20.3870781329897
LFR_N500000_ad5_mc50_mu0.5, label propagation, 0.9670384869807286, 447.22544527500577
LFR_N500000_ad5_mc50_mu0.5, infomap, 0.96963583083878, 176.53299761700328
LFR_N500000_ad5_mc50_mu0.5, louvain, 0.6089128165258741, 555.9180960249942
LFR_N500000_ad5_mc50_mu0.5, leiden, 0.6799232300456822, 133.85654299599992
LFR_N100_ad5_mc50_mu0.5_i23, label propagation, 7.103212439816832e-16, 1.2370518400130095
LFR_N100_ad5_mc50_mu0.5_i23, infomap, 7.103212439816832e-16, 0.008965989996795543
LFR_N100_ad5_mc50_mu0.5_i23, louvain, 0.18878963716029623, 0.03910871999687515
LFR_N100_ad5_mc50_mu0.5_i23, leiden, 0.11413002215801539, 0.013217162995715626
LFR_N50000_ad5_mc50_mu0.5_i26, label propagation, 0.9510991170229676, 34.03187010300462
LFR_N50000_ad5_mc50_mu0.5_i26, infomap, 0.9625276254471884, 11.980702019995078
LFR_N50000_ad5_mc50_mu0.5_i26, louvain, 0.7220770406881006, 35.59112740299315
LFR_N50000_ad5_mc50_mu0.5_i26, leiden, 0.6908108260070257, 9.411061601000256
LFR_N500_ad5_mc50_mu0.5_i21, label propagation, 0.0, 0.1654006729950197
LFR_N500_ad5_mc50_mu0.5_i21, infomap, 0.0, 0.039210866001667455
LFR_N500_ad5_mc50_mu0.5_i21, louvain, 0.5416341636272537, 0.1650067059963476
LFR_N500_ad5_mc50_mu0.5_i21, leiden, 0.42449488693237564, 0.069930892001139
LFR_N10000_ad5_mc50_mu0.5_i22, label propagation, 0.9075987393688812, 4.844456293998519
LFR_N10000_ad5_mc50_mu0.5_i22, infomap, 0.9446527235183817, 1.5503331130021252
LFR_N10000_ad5_mc50_mu0.5_i22, louvain, 0.7512175111511052, 3.99371632700786
LFR_N10000_ad5_mc50_mu0.5_i22, leiden, 0.6875822248497692, 1.6506842439994216
LFR_N1000_ad5_mc50_mu0.5_i21, label propagation, 0.0, 0.20974204999220092
LFR_N1000_ad5_mc50_mu0.5_i21, infomap, 0.0, 0.09075122600188479
LFR_N1000_ad5_mc50_mu0.5_i21, louvain, 0.5841665847743152, 0.38280504499562085
LFR_N1000_ad5_mc50_mu0.5_i21, leiden, 0.521957748889253, 0.14220551600737963
LFR_N10000_ad5_mc50_mu0.5_i4, label propagation, 0.9092898741409828, 6.334433052004897
LFR_N10000_ad5_mc50_mu0.5_i4, infomap, 0.9541000390809602, 1.5807482870004606
LFR_N10000_ad5_mc50_mu0.5_i4, louvain, 0.7663948861023108, 5.06824389299436
LFR_N10000_ad5_mc50_mu0.5_i4, leiden, 0.6813720624781917, 1.6770308510022005
LFR_N10000_ad5_mc50_mu0.5_i17, label propagation, 0.9002672101457885, 6.765554208002868
LFR_N10000_ad5_mc50_mu0.5_i17, infomap, 0.9478892391111586, 1.5117341879958985
LFR_N10000_ad5_mc50_mu0.5_i17, louvain, 0.7586579769460053, 4.937090927007375
LFR_N10000_ad5_mc50_mu0.5_i17, leiden, 0.6651629445598427, 1.6216440680000233
LFR_N1000_ad5_mc50_mu0.5_i6, label propagation, 0.0, 0.24842307099606842
LFR_N1000_ad5_mc50_mu0.5_i6, infomap, 0.0, 0.08875530000659637
LFR_N1000_ad5_mc50_mu0.5_i6, louvain, 0.6556504422550257, 0.4549457890097983
LFR_N1000_ad5_mc50_mu0.5_i6, leiden, 0.6200141240953428, 0.14074871300545055
LFR_N1000000_ad5_mc50_mu0.5_i4, label propagation, 0.9696921245597945, 938.8566263050016
LFR_N1000000_ad5_mc50_mu0.5_i4, infomap, 0.9705415899154608, 462.1470629050018
LFR_N1000000_ad5_mc50_mu0.5_i4, louvain, 0.5665091145110391, 1318.2295292579947
LFR_N1000000_ad5_mc50_mu0.5_i4, leiden, 0.6782170134720786, 326.77244578399404
LFR_N50000_ad5_mc50_mu0.5_i24, label propagation, 0.9502262509638442, 45.34899492900877
LFR_N50000_ad5_mc50_mu0.5_i24, infomap, 0.9609063294038896, 11.658008017009706
LFR_N50000_ad5_mc50_mu0.5_i24, louvain, 0.7307011023111731, 34.69595679199847
LFR_N50000_ad5_mc50_mu0.5_i24, leiden, 0.6877765804989947, 9.29532987800485
LFR_N1000_ad5_mc50_mu0.5_i22, label propagation, 0.0, 0.30303704300604295
LFR_N1000_ad5_mc50_mu0.5_i22, infomap, 0.0, 0.09892356299678795
LFR_N1000_ad5_mc50_mu0.5_i22, louvain, 0.6763419870102162, 0.36799020200851373
LFR_N1000_ad5_mc50_mu0.5_i22, leiden, 0.6311994668486672, 0.15524597400508355
LFR_N100000_ad5_mc50_mu0.5_i27, label propagation, 0.9571185626943822, 83.29817697800172
LFR_N100000_ad5_mc50_mu0.5_i27, infomap, 0.965207425662653, 27.16529549099505
LFR_N100000_ad5_mc50_mu0.5_i27, louvain, 0.6958790390233052, 84.69828819899703
LFR_N100000_ad5_mc50_mu0.5_i27, leiden, 0.6888076216071718, 21.2606059450045
LFR_N100_ad5_mc50_mu0.5_i27, label propagation, 1.0175635196083395e-15, 0.21993932699842844
LFR_N100_ad5_mc50_mu0.5_i27, infomap, 1.0175635196083395e-15, 0.008007605996681377
LFR_N100_ad5_mc50_mu0.5_i27, louvain, 0.17002491145758925, 0.01812950499879662
LFR_N100_ad5_mc50_mu0.5_i27, leiden, 0.1528475012039225, 0.01402029299060814
LFR_N1000_ad5_mc50_mu0.5_i25, label propagation, 0.0, 0.20646631201088894
LFR_N1000_ad5_mc50_mu0.5_i25, infomap, 0.0, 0.08854706399142742
LFR_N1000_ad5_mc50_mu0.5_i25, louvain, 0.6603551028383633, 0.4161549679993186
LFR_N1000_ad5_mc50_mu0.5_i25, leiden, 0.5647119445285589, 0.15365298799588345
LFR_N5000_ad5_mc50_mu0.5_i21, label propagation, 2.8797357414767733e-16, 2.007053897003061
LFR_N5000_ad5_mc50_mu0.5_i21, infomap, 0.9008111748491213, 0.6988152779958909
LFR_N5000_ad5_mc50_mu0.5_i21, louvain, 0.7578711883703098, 2.366423080005916
LFR_N5000_ad5_mc50_mu0.5_i21, leiden, 0.6619346558399587, 0.7790015569917159
LFR_N1000000_ad5_mc50_mu0.5_i15, label propagation, 0.969552865010638, 965.1013237200095
LFR_N1000000_ad5_mc50_mu0.5_i15, infomap, 0.9707256651890971, 458.4350407879974
LFR_N1000000_ad5_mc50_mu0.5_i15, louvain, 0.564518301821491, 1311.8792174679984
LFR_N1000000_ad5_mc50_mu0.5_i15, leiden, 0.6778651212175568, 326.7702194250014
LFR_N1000000_ad5_mc50_mu0.5_i12, label propagation, 0.9693551772903077, 1033.925792160997
LFR_N1000000_ad5_mc50_mu0.5_i12, infomap, 0.9706658205218903, 494.35107993100246
LFR_N1000000_ad5_mc50_mu0.5_i12, louvain, 0.5668979561894478, 1351.2464194850036
LFR_N1000000_ad5_mc50_mu0.5_i12, leiden, 0.6775316284397632, 320.53309954100405
LFR_N100000_ad5_mc50_mu0.5_i5, label propagation, 0.9578108903848923, 79.33363177000138
LFR_N100000_ad5_mc50_mu0.5_i5, infomap, 0.96451281516444, 25.215792736009462
LFR_N100000_ad5_mc50_mu0.5_i5, louvain, 0.7051726045121132, 85.38652474799892
LFR_N100000_ad5_mc50_mu0.5_i5, leiden, 0.6791971744280867, 18.82354450300045
LFR_N10000_ad5_mc50_mu0.5_i0, label propagation, 2.8825257435060993e-16, 5.958808329000021
LFR_N10000_ad5_mc50_mu0.5_i0, infomap, 0.9483266987546007, 1.5272106320044259
LFR_N10000_ad5_mc50_mu0.5_i0, louvain, 0.7682974979196073, 4.80318531699595
LFR_N10000_ad5_mc50_mu0.5_i0, leiden, 0.6844523097455674, 1.554483091997099
LFR_N1000000_ad5_mc50_mu0.5_i22, label propagation, 0.9699641838316494, 928.4163852189959
LFR_N1000000_ad5_mc50_mu0.5_i22, infomap, 0.9708234434415761, 437.53264243301237
LFR_N1000000_ad5_mc50_mu0.5_i22, louvain, 0.5683223473665757, 1221.404004602009
LFR_N1000000_ad5_mc50_mu0.5_i22, leiden, 0.6781998822332486, 322.33626017099596
LFR_N5000_ad5_mc50_mu0.5_i7, label propagation, 0.8593383152056945, 5.485135501992772
LFR_N5000_ad5_mc50_mu0.5_i7, infomap, 0.9298442853696698, 0.7268606150028063
LFR_N5000_ad5_mc50_mu0.5_i7, louvain, 0.7628433854982039, 1.99567914599902
LFR_N5000_ad5_mc50_mu0.5_i7, leiden, 0.658138954004866, 0.7864511549996678
LFR_N50000_ad5_mc50_mu0.5_i11, label propagation, 0.9495299998093881, 32.72653261099185
LFR_N50000_ad5_mc50_mu0.5_i11, infomap, 0.9620409469444312, 11.565150955997524
LFR_N50000_ad5_mc50_mu0.5_i11, louvain, 0.7230375440872896, 37.51958854700206
LFR_N50000_ad5_mc50_mu0.5_i11, leiden, 0.6810502801896191, 9.242893167000148
LFR_N500000_ad5_mc50_mu0.5_i19, label propagation, 0.9673285117640023, 429.9132277160097
LFR_N500000_ad5_mc50_mu0.5_i19, infomap, 0.9700346764991392, 171.7326407960063
LFR_N500000_ad5_mc50_mu0.5_i19, louvain, 0.6058194969329473, 687.6677678620035
LFR_N500000_ad5_mc50_mu0.5_i19, leiden, 0.6810858480975616, 130.6900525539968
LFR_N500_ad5_mc50_mu0.5_i23, label propagation, 0.0, 1.3323886430007406
LFR_N500_ad5_mc50_mu0.5_i23, infomap, 0.0, 0.04286107300140429
LFR_N500_ad5_mc50_mu0.5_i23, louvain, 0.5424390955649773, 0.1432879909989424
LFR_N500_ad5_mc50_mu0.5_i23, leiden, 0.4502068901364247, 0.07642273200326599
LFR_N10000_ad5_mc50_mu0.5_i15, label propagation, 3.0414904643378526e-16, 25.60336895499495
LFR_N10000_ad5_mc50_mu0.5_i15, infomap, 0.9448742722788891, 1.5691742149938364
LFR_N10000_ad5_mc50_mu0.5_i15, louvain, 0.7560474296191357, 4.391973036996205
LFR_N10000_ad5_mc50_mu0.5_i15, leiden, 0.6880556446688816, 1.673759424011223
LFR_N1000000_ad5_mc50_mu0.5_i21, label propagation, 0.970124585963555, 1078.003253961011
LFR_N1000000_ad5_mc50_mu0.5_i21, infomap, 0.9707783091004446, 483.06961029399827
LFR_N1000000_ad5_mc50_mu0.5_i21, louvain, 0.5671990646968489, 1315.515601527004
LFR_N1000000_ad5_mc50_mu0.5_i21, leiden, 0.6766038607284626, 327.9233677369921
LFR_N1000_ad5_mc50_mu0.5_i8, label propagation, 0.0, 2.954381812000065
LFR_N1000_ad5_mc50_mu0.5_i8, infomap, 0.0, 0.11368563899304718
LFR_N1000_ad5_mc50_mu0.5_i8, louvain, 0.6444618019303152, 0.40367039300326724
LFR_N1000_ad5_mc50_mu0.5_i8, leiden, 0.5608228893683115, 0.15840094799932558
LFR_N10000_ad5_mc50_mu0.5_i10, label propagation, 0.9102379017647994, 6.342873451008927
LFR_N10000_ad5_mc50_mu0.5_i10, infomap, 0.943983103814869, 1.5656386350019602
LFR_N10000_ad5_mc50_mu0.5_i10, louvain, 0.7593854565049699, 5.1110658980032895
LFR_N10000_ad5_mc50_mu0.5_i10, leiden, 0.686469180665948, 1.6820348170003854
LFR_N100_ad5_mc50_mu0.5_i13, label propagation, 9.266182270171059e-16, 0.028765538008883595
LFR_N100_ad5_mc50_mu0.5_i13, infomap, 9.266182270171059e-16, 0.0074842310132225975
LFR_N100_ad5_mc50_mu0.5_i13, louvain, 0.01500597823815862, 0.018111379991751164
LFR_N100_ad5_mc50_mu0.5_i13, leiden, 0.019815171878309577, 0.013569601011113264
LFR_N1000000_ad5_mc50_mu0.5_i24, label propagation, 0.9695286381147377, 852.5112141349964
LFR_N1000000_ad5_mc50_mu0.5_i24, infomap, 0.9707295015641095, 446.23086896998575
LFR_N1000000_ad5_mc50_mu0.5_i24, louvain, 0.5666360078910617, 1589.818084509985
LFR_N1000000_ad5_mc50_mu0.5_i24, leiden, 0.6777216975032971, 325.98597114899894
LFR_N500000_ad5_mc50_mu0.5_i18, label propagation, 0.967746509789355, 466.84957074798876
LFR_N500000_ad5_mc50_mu0.5_i18, infomap, 0.9698917889785199, 171.99011755399988
LFR_N500000_ad5_mc50_mu0.5_i18, louvain, 0.6092533851340948, 606.0798743610212
LFR_N500000_ad5_mc50_mu0.5_i18, leiden, 0.6807156284001, 130.27856363198953
LFR_N5000_ad5_mc50_mu0.5_i0, label propagation, 3.350471881460564e-16, 4.040146976010874
LFR_N5000_ad5_mc50_mu0.5_i0, infomap, 0.9334530386070836, 0.7060594169888645
LFR_N5000_ad5_mc50_mu0.5_i0, louvain, 0.7805907055711189, 1.9965866880083922
LFR_N5000_ad5_mc50_mu0.5_i0, leiden, 0.6901280616326328, 0.7509837489924394
LFR_N100_ad5_mc50_mu0.5_i7, label propagation, 1.023337361499108e-15, 0.02778631099499762
LFR_N100_ad5_mc50_mu0.5_i7, infomap, 1.023337361499108e-15, 0.008148449996951967
LFR_N100_ad5_mc50_mu0.5_i7, louvain, 0.09061931610921277, 0.025097706995438784
LFR_N100_ad5_mc50_mu0.5_i7, leiden, 0.055083801911881676, 0.01342034901608713
LFR_N10000_ad5_mc50_mu0.5_i6, label propagation, 0.90337169158134, 4.907134369015694
LFR_N10000_ad5_mc50_mu0.5_i6, infomap, 0.9446722409167327, 1.5442705960012972
LFR_N10000_ad5_mc50_mu0.5_i6, louvain, 0.7565511384205598, 4.5922259830113035
LFR_N10000_ad5_mc50_mu0.5_i6, leiden, 0.6714303979802149, 1.5744732430030126
LFR_N50000_ad5_mc50_mu0.5_i2, label propagation, 0.9509154442937131, 28.32939364601043
LFR_N50000_ad5_mc50_mu0.5_i2, infomap, 0.9630931897266989, 11.224904081987916
LFR_N50000_ad5_mc50_mu0.5_i2, louvain, 0.7231767463203133, 36.592322658980265
LFR_N50000_ad5_mc50_mu0.5_i2, leiden, 0.6823229217457634, 8.817064703005599
LFR_N100000_ad5_mc50_mu0.5_i13, label propagation, 0.9589447351764435, 71.019064942986
LFR_N100000_ad5_mc50_mu0.5_i13, infomap, 0.9642958756906632, 26.721479731990257
LFR_N100000_ad5_mc50_mu0.5_i13, louvain, 0.7027506994334491, 78.46839824999915
LFR_N100000_ad5_mc50_mu0.5_i13, leiden, 0.6842735456886908, 21.25133435698808
LFR_N50000_ad5_mc50_mu0.5_i18, label propagation, 0.9490153225656425, 31.502276004990563
LFR_N50000_ad5_mc50_mu0.5_i18, infomap, 0.9608457777811785, 11.340363997995155
LFR_N50000_ad5_mc50_mu0.5_i18, louvain, 0.7259537778580181, 35.40010379400337
LFR_N50000_ad5_mc50_mu0.5_i18, leiden, 0.6808485711680082, 9.384833697986323
LFR_N50000_ad5_mc50_mu0.5_i19, label propagation, 0.9525816925314675, 33.15706891598529
LFR_N50000_ad5_mc50_mu0.5_i19, infomap, 0.9626042687688959, 11.47690537100425
LFR_N50000_ad5_mc50_mu0.5_i19, louvain, 0.7293924570345232, 31.91450518698548
LFR_N50000_ad5_mc50_mu0.5_i19, leiden, 0.6869505175739529, 9.548588795994874
LFR_N5000_ad5_mc50_mu0.5_i13, label propagation, 3.2977748291234303e-16, 1.5060465119895525
LFR_N5000_ad5_mc50_mu0.5_i13, infomap, 0.9221278002699739, 0.665780454990454
LFR_N5000_ad5_mc50_mu0.5_i13, louvain, 0.7558650875214198, 1.6698268479958642
LFR_N5000_ad5_mc50_mu0.5_i13, leiden, 0.6728773746966069, 0.7440115890058223
LFR_N5000_ad5_mc50_mu0.5_i9, label propagation, 0.8614801421208784, 2.876005147001706
LFR_N5000_ad5_mc50_mu0.5_i9, infomap, 0.9242048470660528, 0.6797274319978897
LFR_N5000_ad5_mc50_mu0.5_i9, louvain, 0.7711383202246878, 1.9196808070119005
LFR_N5000_ad5_mc50_mu0.5_i9, leiden, 0.6784192605657319, 0.790470951993484
LFR_N10000_ad5_mc50_mu0.5_i1, label propagation, 0.9020439522657899, 8.632667469995795
LFR_N10000_ad5_mc50_mu0.5_i1, infomap, 0.9435759478611357, 1.575167050003074
LFR_N10000_ad5_mc50_mu0.5_i1, louvain, 0.7633476953509143, 4.889600701018935
LFR_N10000_ad5_mc50_mu0.5_i1, leiden, 0.6837719343666188, 1.6415709879947826
LFR_N500_ad5_mc50_mu0.5_i22, label propagation, 0.0, 0.08396928399452008
LFR_N500_ad5_mc50_mu0.5_i22, infomap, 0.0, 0.03996865599765442
LFR_N500_ad5_mc50_mu0.5_i22, louvain, 0.5241696186366247, 0.18923562599229626
LFR_N500_ad5_mc50_mu0.5_i22, leiden, 0.4433915714106474, 0.06937929999548942
LFR_N500_ad5_mc50_mu0.5_i12, label propagation, 0.0, 0.10249039699556306
LFR_N500_ad5_mc50_mu0.5_i12, infomap, 0.0, 0.04146772201056592
LFR_N500_ad5_mc50_mu0.5_i12, louvain, 0.5546812549126107, 0.14383274602005258
LFR_N500_ad5_mc50_mu0.5_i12, leiden, 0.461309740905874, 0.0797361769946292
LFR_N100_ad5_mc50_mu0.5, label propagation, 6.208521300420192e-16, 0.020572978974087164
LFR_N100_ad5_mc50_mu0.5, infomap, 6.208521300420192e-16, 0.00950704500428401
LFR_N100_ad5_mc50_mu0.5, louvain, 0.0588164905056787, 0.029444834013702348
LFR_N100_ad5_mc50_mu0.5, leiden, 0.062057362305271056, 0.01580164799815975
LFR_N100_ad5_mc50_mu0.5_i5, label propagation, 6.444152179374092e-16, 0.020628283004043624
LFR_N100_ad5_mc50_mu0.5_i5, infomap, 6.444152179374092e-16, 0.009796387981623411
LFR_N100_ad5_mc50_mu0.5_i5, louvain, 0.0247404546803059, 0.0245543259952683
LFR_N100_ad5_mc50_mu0.5_i5, leiden, 0.0288535779828817, 0.014933655998902395
LFR_N500_ad5_mc50_mu0.5_i28, label propagation, 0.0, 0.10571545499260537
LFR_N500_ad5_mc50_mu0.5_i28, infomap, 0.0, 0.04166558900033124
LFR_N500_ad5_mc50_mu0.5_i28, louvain, 0.5526590288086136, 0.19329512098920532
LFR_N500_ad5_mc50_mu0.5_i28, leiden, 0.47060906609789127, 0.07743528601713479
LFR_N1000_ad5_mc50_mu0.5_i7, label propagation, 0.0, 0.2621813279984053
LFR_N1000_ad5_mc50_mu0.5_i7, infomap, 0.0, 0.09291360300267115
LFR_N1000_ad5_mc50_mu0.5_i7, louvain, 0.6611009372876492, 0.3175438909966033
LFR_N1000_ad5_mc50_mu0.5_i7, leiden, 0.5808209686803252, 0.15732793899951503
LFR_N5000_ad5_mc50_mu0.5_i27, label propagation, 3.045205383036046e-16, 3.97557400399819
LFR_N5000_ad5_mc50_mu0.5_i27, infomap, 0.9233532908994891, 0.7068578430043999
LFR_N5000_ad5_mc50_mu0.5_i27, louvain, 0.74589683328197, 1.90599006699631
LFR_N5000_ad5_mc50_mu0.5_i27, leiden, 0.6537604361811054, 0.8725437589746434
LFR_N100_ad5_mc50_mu0.5_i4, label propagation, 2.6058087006482117e-16, 0.021475560002727434
LFR_N100_ad5_mc50_mu0.5_i4, infomap, 2.6058087006482117e-16, 0.009159803972579539
LFR_N100_ad5_mc50_mu0.5_i4, louvain, 0.041618869322913386, 0.03099093501805328
LFR_N100_ad5_mc50_mu0.5_i4, leiden, 0.026699550913570468, 0.015385139995487407
LFR_N5000_ad5_mc50_mu0.5_i29, label propagation, 3.261743713942536e-16, 2.648406837019138
LFR_N5000_ad5_mc50_mu0.5_i29, infomap, 0.9187820161947827, 0.6764103489986155
LFR_N5000_ad5_mc50_mu0.5_i29, louvain, 0.7739992745180075, 2.6747925030067563
LFR_N5000_ad5_mc50_mu0.5_i29, leiden, 0.6718461506283006, 0.7878533360199071
LFR_N100_ad5_mc50_mu0.5_i6, label propagation, 8.293159208036129e-16, 0.024135698011377826
LFR_N100_ad5_mc50_mu0.5_i6, infomap, 8.293159208036129e-16, 0.00840790499933064
LFR_N100_ad5_mc50_mu0.5_i6, louvain, 0.08211128042817155, 0.02379926899448037
LFR_N100_ad5_mc50_mu0.5_i6, leiden, 0.037677912116782, 0.013520816981326789
LFR_N1000000_ad5_mc50_mu0.5_i2, label propagation, 0.9698441050617662, 831.8395460629836
LFR_N1000000_ad5_mc50_mu0.5_i2, infomap, 0.9706587380613749, 461.7687324300059
LFR_N1000000_ad5_mc50_mu0.5_i2, louvain, 0.5679651309594629, 1436.0155258960149
LFR_N1000000_ad5_mc50_mu0.5_i2, leiden, 0.6802672788499434, 373.35431422598776
LFR_N500000_ad5_mc50_mu0.5_i11, label propagation, 0.9676020585043081, 537.5745719970146
LFR_N500000_ad5_mc50_mu0.5_i11, infomap, 0.9695064100497797, 209.71778360099415
LFR_N500000_ad5_mc50_mu0.5_i11, louvain, 0.6071863994342186, 610.0180846159928
LFR_N500000_ad5_mc50_mu0.5_i11, leiden, 0.6821630307864314, 153.39668368999264
LFR_N1000_ad5_mc50_mu0.5_i26, label propagation, 0.0, 1.596553950017551
LFR_N1000_ad5_mc50_mu0.5_i26, infomap, 0.0, 0.10960248101036996
LFR_N1000_ad5_mc50_mu0.5_i26, louvain, 0.6939876469426713, 0.35503588599385694
LFR_N1000_ad5_mc50_mu0.5_i26, leiden, 0.5978099207677608, 0.15379613000550307
LFR_N100000_ad5_mc50_mu0.5_i19, label propagation, 0.9573917774791916, 88.98888176798937
LFR_N100000_ad5_mc50_mu0.5_i19, infomap, 0.964593457128408, 30.911607379995985
LFR_N100000_ad5_mc50_mu0.5_i19, louvain, 0.702439219119364, 89.64037411799654
LFR_N100000_ad5_mc50_mu0.5_i19, leiden, 0.6807615362486304, 24.078129302011803
LFR_N500_ad5_mc50_mu0.5_i9, label propagation, 0.0, 0.3201093990064692
LFR_N500_ad5_mc50_mu0.5_i9, infomap, 0.0, 0.0441314639756456
LFR_N500_ad5_mc50_mu0.5_i9, louvain, 0.5651236643834747, 0.14230938398395665
LFR_N500_ad5_mc50_mu0.5_i9, leiden, 0.5496831195701057, 0.08073642800445668
LFR_N100000_ad5_mc50_mu0.5_i0, label propagation, 0.9587101431860267, 77.08349229799933
LFR_N100000_ad5_mc50_mu0.5_i0, infomap, 0.9653931318266126, 28.551156364992494
LFR_N100000_ad5_mc50_mu0.5_i0, louvain, 0.7034293651065262, 108.65897545701591
LFR_N100000_ad5_mc50_mu0.5_i0, leiden, 0.6832886433325345, 25.729221322981175
LFR_N5000_ad5_mc50_mu0.5_i20, label propagation, 3.633833347470837e-16, 2.6723977049987298
LFR_N5000_ad5_mc50_mu0.5_i20, infomap, 0.912612386885567, 0.751601440977538
LFR_N5000_ad5_mc50_mu0.5_i20, louvain, 0.7526086329720845, 2.1000616190140136
LFR_N5000_ad5_mc50_mu0.5_i20, leiden, 0.6522941856269442, 0.853930292010773
LFR_N500000_ad5_mc50_mu0.5_i20, label propagation, 0.9671502106342484, 477.0907203509996
LFR_N500000_ad5_mc50_mu0.5_i20, infomap, 0.9691677383343941, 228.77256321400637
LFR_N500000_ad5_mc50_mu0.5_i20, louvain, 0.6085360375713318, 656.6471076010203
LFR_N500000_ad5_mc50_mu0.5_i20, leiden, 0.6813528725100562, 155.7570793319901
LFR_N100_ad5_mc50_mu0.5_i22, label propagation, 7.136571237745839e-17, 1.3711553589964751
LFR_N100_ad5_mc50_mu0.5_i22, infomap, 7.136571237745839e-17, 0.009808466013055295
LFR_N100_ad5_mc50_mu0.5_i22, louvain, 0.10587640278738684, 0.021189348015468568
LFR_N100_ad5_mc50_mu0.5_i22, leiden, 0.05592060381604368, 0.014580649993149564
LFR_N10000_ad5_mc50_mu0.5_i23, label propagation, 0.894299282545232, 5.5797896629956085
LFR_N10000_ad5_mc50_mu0.5_i23, infomap, 0.9428511700542651, 1.6215245390194468
LFR_N10000_ad5_mc50_mu0.5_i23, louvain, 0.7532838508015094, 5.347225353005342
LFR_N10000_ad5_mc50_mu0.5_i23, leiden, 0.6769078196910918, 1.6041430869954638
LFR_N5000_ad5_mc50_mu0.5_i24, label propagation, 3.510389560968046e-16, 2.2184393639909104
LFR_N5000_ad5_mc50_mu0.5_i24, infomap, 0.9290860446529142, 0.7159032999770716
LFR_N5000_ad5_mc50_mu0.5_i24, louvain, 0.7769263765643708, 2.223739631997887
LFR_N5000_ad5_mc50_mu0.5_i24, leiden, 0.6672425536494706, 0.8211183120147325
LFR_N1000_ad5_mc50_mu0.5_i0, label propagation, 0.0, 0.2479769799974747
LFR_N1000_ad5_mc50_mu0.5_i0, infomap, 0.0, 0.09413580800173804
LFR_N1000_ad5_mc50_mu0.5_i0, louvain, 0.6774728584804875, 0.3029790909786243
LFR_N1000_ad5_mc50_mu0.5_i0, leiden, 0.589742673024106, 0.14822938098222949
LFR_N1000_ad5_mc50_mu0.5_i13, label propagation, 0.0, 0.14944166599889286
LFR_N1000_ad5_mc50_mu0.5_i13, infomap, 0.0, 0.09324586999719031
LFR_N1000_ad5_mc50_mu0.5_i13, louvain, 0.6442386051893052, 0.29059498402057216
LFR_N1000_ad5_mc50_mu0.5_i13, leiden, 0.5204276497305438, 0.1833825070061721
LFR_N10000_ad5_mc50_mu0.5_i21, label propagation, 0.8952093690660636, 5.044227136997506
LFR_N10000_ad5_mc50_mu0.5_i21, infomap, 0.9437841955108472, 1.7729182449984364
LFR_N10000_ad5_mc50_mu0.5_i21, louvain, 0.7476398259097551, 5.938463015976595
LFR_N10000_ad5_mc50_mu0.5_i21, leiden, 0.6765949203209366, 1.7220136619871482
LFR_N500_ad5_mc50_mu0.5_i10, label propagation, 0.0, 0.08660845400299877
LFR_N500_ad5_mc50_mu0.5_i10, infomap, 0.0, 0.04286214697640389
LFR_N500_ad5_mc50_mu0.5_i10, louvain, 0.5337917066998235, 0.16312327797641046
LFR_N500_ad5_mc50_mu0.5_i10, leiden, 0.434559340226118, 0.0707241470227018
LFR_N100_ad5_mc50_mu0.5_i21, label propagation, 6.106670128050731e-16, 0.01630895401467569
LFR_N100_ad5_mc50_mu0.5_i21, infomap, 6.106670128050731e-16, 0.008688317990163341
LFR_N100_ad5_mc50_mu0.5_i21, louvain, 0.019606105740796412, 0.019954119983594865
LFR_N100_ad5_mc50_mu0.5_i21, leiden, 0.011542305757094836, 0.013497902022209018
LFR_N100_ad5_mc50_mu0.5_i18, label propagation, 5.013298278030465e-16, 0.014782698010094464
LFR_N100_ad5_mc50_mu0.5_i18, infomap, 5.013298278030465e-16, 0.008059824001975358
LFR_N100_ad5_mc50_mu0.5_i18, louvain, 0.07591259135076592, 0.0201544179872144
LFR_N100_ad5_mc50_mu0.5_i18, leiden, 0.08744838225481064, 0.014207422995241359
LFR_N1000_ad5_mc50_mu0.5_i18, label propagation, 0.0, 0.19730801100376993
LFR_N1000_ad5_mc50_mu0.5_i18, infomap, 0.0, 0.09188238100614399
LFR_N1000_ad5_mc50_mu0.5_i18, louvain, 0.701467343862768, 0.42775554800755344
LFR_N1000_ad5_mc50_mu0.5_i18, leiden, 0.544596906220316, 0.14585119899129495
LFR_N10000_ad5_mc50_mu0.5_i25, label propagation, 0.8965932922625033, 8.471591245994205
LFR_N10000_ad5_mc50_mu0.5_i25, infomap, 0.9386975737194271, 1.765770980011439
LFR_N10000_ad5_mc50_mu0.5_i25, louvain, 0.7508463797193344, 5.7413316419988405
LFR_N10000_ad5_mc50_mu0.5_i25, leiden, 0.6780286995842184, 1.8298262459866237
LFR_N50000_ad5_mc50_mu0.5_i5, label propagation, 0.9510842090369428, 45.03191115401569
LFR_N50000_ad5_mc50_mu0.5_i5, infomap, 0.9608526175444123, 12.843570847006049
LFR_N50000_ad5_mc50_mu0.5_i5, louvain, 0.7260165744049096, 41.97898722800892
LFR_N50000_ad5_mc50_mu0.5_i5, leiden, 0.6816679387157943, 12.093392442999175
LFR_N100000_ad5_mc50_mu0.5, label propagation, 0.9588742157774911, 91.17827955301618
LFR_N100000_ad5_mc50_mu0.5, infomap, 0.9657736297326979, 31.25448727598996
LFR_N100000_ad5_mc50_mu0.5, louvain, 0.7072034453193236, 108.00235349399736
LFR_N100000_ad5_mc50_mu0.5, leiden, 0.6880332988136436, 24.64856582399807
LFR_N100000_ad5_mc50_mu0.5_i6, label propagation, 0.9569477275013495, 98.98684044799302
LFR_N100000_ad5_mc50_mu0.5_i6, infomap, 0.9657480961724788, 27.452761035994627
LFR_N100000_ad5_mc50_mu0.5_i6, louvain, 0.7031099406296951, 81.77237799600698
LFR_N100000_ad5_mc50_mu0.5_i6, leiden, 0.6867561552663911, 22.322686244995566
LFR_N100000_ad5_mc50_mu0.5_i18, label propagation, 0.95853706513183, 90.47504384498461
LFR_N100000_ad5_mc50_mu0.5_i18, infomap, 0.9645929916434264, 26.700217350007733
LFR_N100000_ad5_mc50_mu0.5_i18, louvain, 0.7008565270410662, 103.91034626498003
LFR_N100000_ad5_mc50_mu0.5_i18, leiden, 0.6795210225669918, 24.887258867005585
LFR_N100_ad5_mc50_mu0.5_i9, label propagation, 1.11349759137019e-15, 0.23807247300283052
LFR_N100_ad5_mc50_mu0.5_i9, infomap, 1.11349759137019e-15, 0.009692480001831427
LFR_N100_ad5_mc50_mu0.5_i9, louvain, 0.23280552550132835, 0.03472423498169519
LFR_N100_ad5_mc50_mu0.5_i9, leiden, 0.14204570770723854, 0.017362037993734702
LFR_N100000_ad5_mc50_mu0.5_i8, label propagation, 0.9586642981862509, 97.9185260660015
LFR_N100000_ad5_mc50_mu0.5_i8, infomap, 0.9652939831620738, 28.531822043005377
LFR_N100000_ad5_mc50_mu0.5_i8, louvain, 0.7034212216123118, 93.74770092900144
LFR_N100000_ad5_mc50_mu0.5_i8, leiden, 0.6850241368240917, 23.843210049002664
LFR_N100000_ad5_mc50_mu0.5_i11, label propagation, 0.9565556118086902, 92.48054727000999
LFR_N100000_ad5_mc50_mu0.5_i11, infomap, 0.9644380492842788, 27.699794871994527
LFR_N100000_ad5_mc50_mu0.5_i11, louvain, 0.697922515270639, 98.98007996100932
LFR_N100000_ad5_mc50_mu0.5_i11, leiden, 0.6814832067094087, 23.120915415987838
LFR_N50000_ad5_mc50_mu0.5_i1, label propagation, 0.9508929633083768, 34.474787692015525
LFR_N50000_ad5_mc50_mu0.5_i1, infomap, 0.9606044338438673, 11.61564304100466
LFR_N50000_ad5_mc50_mu0.5_i1, louvain, 0.7309701271529514, 33.23291852499824
LFR_N50000_ad5_mc50_mu0.5_i1, leiden, 0.6803330169057024, 10.325410752004245
LFR_N100_ad5_mc50_mu0.5_i0, label propagation, 5.781018232355296e-16, 0.11472487499122508
LFR_N100_ad5_mc50_mu0.5_i0, infomap, 5.781018232355296e-16, 0.007746525021502748
LFR_N100_ad5_mc50_mu0.5_i0, louvain, 0.17667370660207907, 0.02662700499058701
LFR_N100_ad5_mc50_mu0.5_i0, leiden, 0.17704447255827566, 0.014192196977091953
LFR_N500000_ad5_mc50_mu0.5_i26, label propagation, 0.9669095585847505, 485.6383931369928
LFR_N500000_ad5_mc50_mu0.5_i26, infomap, 0.9693351269193125, 190.56515961600235
LFR_N500000_ad5_mc50_mu0.5_i26, louvain, 0.6102615231998055, 729.1788309159747
LFR_N500000_ad5_mc50_mu0.5_i26, leiden, 0.6803238192082042, 145.5817880280083
LFR_N10000_ad5_mc50_mu0.5_i26, label propagation, 0.8973692690997365, 7.260204608988715
LFR_N10000_ad5_mc50_mu0.5_i26, infomap, 0.9438480845372526, 1.9202916589856613
LFR_N10000_ad5_mc50_mu0.5_i26, louvain, 0.7466096875326111, 6.061786017002305
LFR_N10000_ad5_mc50_mu0.5_i26, leiden, 0.6818107732928601, 1.9991104590008035
LFR_N1000000_ad5_mc50_mu0.5_i5, label propagation, 0.9693833364697636, 1198.2159519809939
LFR_N1000000_ad5_mc50_mu0.5_i5, infomap, 0.9704774571148275, 603.6844897510018
LFR_N1000000_ad5_mc50_mu0.5_i5, louvain, 0.565888857539407, 1496.4808726290066
LFR_N1000000_ad5_mc50_mu0.5_i5, leiden, 0.678782545879933, 412.4092003760161
LFR_N500_ad5_mc50_mu0.5_i13, label propagation, 0.0, 5.052350137004396
LFR_N500_ad5_mc50_mu0.5_i13, infomap, 0.0, 0.04765237000538036
LFR_N500_ad5_mc50_mu0.5_i13, louvain, 0.6404761023815425, 0.14975102999596857
LFR_N500_ad5_mc50_mu0.5_i13, leiden, 0.5067623706925755, 0.08418355500907637
LFR_N10000_ad5_mc50_mu0.5_i11, label propagation, 0.8974737371235397, 13.069057744985912
LFR_N10000_ad5_mc50_mu0.5_i11, infomap, 0.9422625947777713, 1.8201099240104668
LFR_N10000_ad5_mc50_mu0.5_i11, louvain, 0.7632590104282752, 6.17739412598894
LFR_N10000_ad5_mc50_mu0.5_i11, leiden, 0.6710347526743112, 1.8205612799793016
LFR_N1000_ad5_mc50_mu0.5_i2, label propagation, 0.0, 0.2437884520040825
LFR_N1000_ad5_mc50_mu0.5_i2, infomap, 0.0, 0.10203907900722697
LFR_N1000_ad5_mc50_mu0.5_i2, louvain, 0.6450315667423282, 0.4636016280273907
LFR_N1000_ad5_mc50_mu0.5_i2, leiden, 0.5841099657220274, 0.16594168401206844
LFR_N5000_ad5_mc50_mu0.5_i22, label propagation, 3.3179439141125886e-16, 1.7194195289921481
LFR_N5000_ad5_mc50_mu0.5_i22, infomap, 0.9309967169926511, 0.7980483070132323
LFR_N5000_ad5_mc50_mu0.5_i22, louvain, 0.7647368980503302, 2.359435045014834
LFR_N5000_ad5_mc50_mu0.5_i22, leiden, 0.6672532898197236, 0.8901762429741211
LFR_N500000_ad5_mc50_mu0.5_i2, label propagation, 0.9672418181276639, 574.1412748299772
LFR_N500000_ad5_mc50_mu0.5_i2, infomap, 0.9692762484722176, 233.74589112197282
LFR_N500000_ad5_mc50_mu0.5_i2, louvain, 0.6043798834053332, 683.5210363309889
LFR_N500000_ad5_mc50_mu0.5_i2, leiden, 0.6795292234115314, 158.4212367
LFR_N500000_ad5_mc50_mu0.5_i3, label propagation, 0.96668791092031, 538.6216622930078
LFR_N500000_ad5_mc50_mu0.5_i3, infomap, 0.9697045990571911, 219.2653230019787
LFR_N500000_ad5_mc50_mu0.5_i3, louvain, 0.6071743602137799, 605.7910662590002
LFR_N500000_ad5_mc50_mu0.5_i3, leiden, 0.6804496479791174, 143.66244746698067
LFR_N100000_ad5_mc50_mu0.5_i12, label propagation, 0.9604885999331294, 84.84613729899866
LFR_N100000_ad5_mc50_mu0.5_i12, infomap, 0.9671450878995803, 27.22627782600466
LFR_N100000_ad5_mc50_mu0.5_i12, louvain, 0.7032471049988959, 96.59907993601519
LFR_N100000_ad5_mc50_mu0.5_i12, leiden, 0.6797499633447156, 22.391584860015428
LFR_N10000_ad5_mc50_mu0.5_i7, label propagation, 0.9127509170595967, 5.500782530987635
LFR_N10000_ad5_mc50_mu0.5_i7, infomap, 0.9450838242765, 1.6328363869979512
LFR_N10000_ad5_mc50_mu0.5_i7, louvain, 0.7626189264781275, 4.400756115006516
LFR_N10000_ad5_mc50_mu0.5_i7, leiden, 0.6796941247875393, 1.6474226860154886
LFR_N50000_ad5_mc50_mu0.5_i23, label propagation, 0.9524764298081378, 39.54947965499014
LFR_N50000_ad5_mc50_mu0.5_i23, infomap, 0.9640098298418878, 11.92845891401521
LFR_N50000_ad5_mc50_mu0.5_i23, louvain, 0.7242844382241865, 38.694532647001324
LFR_N50000_ad5_mc50_mu0.5_i23, leiden, 0.6819107430071657, 10.015630253008567
LFR_N500_ad5_mc50_mu0.5_i17, label propagation, 0.0, 0.1967606320104096
LFR_N500_ad5_mc50_mu0.5_i17, infomap, 0.0, 0.0414931149862241
LFR_N500_ad5_mc50_mu0.5_i17, louvain, 0.5382193452861342, 0.16928937000920996
LFR_N500_ad5_mc50_mu0.5_i17, leiden, 0.4615115763464196, 0.073670306999702
LFR_N1000000_ad5_mc50_mu0.5_i20, label propagation, 0.9695974548724052, 934.0960127710132
LFR_N1000000_ad5_mc50_mu0.5_i20, infomap, 0.9706192039945626, 581.3428797950037
LFR_N1000000_ad5_mc50_mu0.5_i20, louvain, 0.5624118505699247, 1471.6073407620133
LFR_N1000000_ad5_mc50_mu0.5_i20, leiden, 0.6803049011467032, 396.69144472299377
LFR_N500_ad5_mc50_mu0.5_i27, label propagation, 0.0, 8.840768308000406
LFR_N500_ad5_mc50_mu0.5_i27, infomap, 0.0, 0.06612266998854466
LFR_N500_ad5_mc50_mu0.5_i27, louvain, 0.5367298375098495, 0.22588958102278411
LFR_N500_ad5_mc50_mu0.5_i27, leiden, 0.4553082456365693, 0.08578723497339524
LFR_N100_ad5_mc50_mu0.5_i14, label propagation, 9.966578672830807e-16, 0.041155863989843056
LFR_N100_ad5_mc50_mu0.5_i14, infomap, 9.966578672830807e-16, 0.009510214993497357
LFR_N100_ad5_mc50_mu0.5_i14, louvain, 0.17668406059912706, 0.02879745402606204
LFR_N100_ad5_mc50_mu0.5_i14, leiden, 0.05936711769033887, 0.015056340023875237
graph name, algorithm, score, time
graph name, algorithm, score, time
